/Users/celien.nanson/Projects/Self Driving Car ND/CarND-Behavioral-cloning/IMG/center_2016_12_15_20_28_04_814.jpg, /Users/celien.nanson/Projects/Self Driving Car ND/CarND-Behavioral-cloning/IMG/left_2016_12_15_20_28_04_814.jpg, /Users/celien.nanson/Projects/Self Driving Car ND/CarND-Behavioral-cloning/IMG/right_2016_12_15_20_28_04_814.jpg, 0, 0, 0, 7.814486E-05
/Users/celien.nanson/Projects/Self Driving Car ND/CarND-Behavioral-cloning/IMG/center_2016_12_15_20_28_04_937.jpg, /Users/celien.nanson/Projects/Self Driving Car ND/CarND-Behavioral-cloning/IMG/left_2016_12_15_20_28_04_937.jpg, /Users/celien.nanson/Projects/Self Driving Car ND/CarND-Behavioral-cloning/IMG/right_2016_12_15_20_28_04_937.jpg, 0, 0, 0, 7.824622E-05
/Users/celien.nanson/Projects/Self Driving Car ND/CarND-Behavioral-cloning/IMG/center_2016_12_15_20_28_05_043.jpg, /Users/celien.nanson/Projects/Self Driving Car ND/CarND-Behavioral-cloning/IMG/left_2016_12_15_20_28_05_043.jpg, /Users/celien.nanson/Projects/Self Driving Car ND/CarND-Behavioral-cloning/IMG/right_2016_12_15_20_28_05_043.jpg, 0, 0, 0, 7.994717E-05
/Users/celien.nanson/Projects/Self Driving Car ND/CarND-Behavioral-cloning/IMG/center_2016_12_15_20_28_05_280.jpg, /Users/celien.nanson/Projects/Self Driving Car ND/CarND-Behavioral-cloning/IMG/left_2016_12_15_20_28_05_280.jpg, /Users/celien.nanson/Projects/Self Driving Car ND/CarND-Behavioral-cloning/IMG/right_2016_12_15_20_28_05_280.jpg, 0, 0, 0, 7.917461E-05
/Users/celien.nanson/Projects/Self Driving Car ND/CarND-Behavioral-cloning/IMG/center_2016_12_15_20_28_05_392.jpg, /Users/celien.nanson/Projects/Self Driving Car ND/CarND-Behavioral-cloning/IMG/left_2016_12_15_20_28_05_392.jpg, /Users/celien.nanson/Projects/Self Driving Car ND/CarND-Behavioral-cloning/IMG/right_2016_12_15_20_28_05_392.jpg, 0, 0, 0, 7.815888E-05
/Users/celien.nanson/Projects/Self Driving Car ND/CarND-Behavioral-cloning/IMG/center_2016_12_15_20_28_05_514.jpg, /Users/celien.nanson/Projects/Self Driving Car ND/CarND-Behavioral-cloning/IMG/left_2016_12_15_20_28_05_514.jpg, /Users/celien.nanson/Projects/Self Driving Car ND/CarND-Behavioral-cloning/IMG/right_2016_12_15_20_28_05_514.jpg, 0, 0, 0, 7.790707E-05
/Users/celien.nanson/Projects/Self Driving Car ND/CarND-Behavioral-cloning/IMG/center_2016_12_15_20_28_05_617.jpg, /Users/celien.nanson/Projects/Self Driving Car ND/CarND-Behavioral-cloning/IMG/left_2016_12_15_20_28_05_617.jpg, /Users/celien.nanson/Projects/Self Driving Car ND/CarND-Behavioral-cloning/IMG/right_2016_12_15_20_28_05_617.jpg, 0, 0, 0, 7.857482E-05
/Users/celien.nanson/Projects/Self Driving Car ND/CarND-Behavioral-cloning/IMG/center_2016_12_15_20_28_05_720.jpg, /Users/celien.nanson/Projects/Self Driving Car ND/CarND-Behavioral-cloning/IMG/left_2016_12_15_20_28_05_720.jpg, /Users/celien.nanson/Projects/Self Driving Car ND/CarND-Behavioral-cloning/IMG/right_2016_12_15_20_28_05_720.jpg, 0, 0, 0, 7.821081E-05
/Users/celien.nanson/Projects/Self Driving Car ND/CarND-Behavioral-cloning/IMG/center_2016_12_15_20_28_05_830.jpg, /Users/celien.nanson/Projects/Self Driving Car ND/CarND-Behavioral-cloning/IMG/left_2016_12_15_20_28_05_830.jpg, /Users/celien.nanson/Projects/Self Driving Car ND/CarND-Behavioral-cloning/IMG/right_2016_12_15_20_28_05_830.jpg, 0, 0, 0, 7.855526E-05
/Users/celien.nanson/Projects/Self Driving Car ND/CarND-Behavioral-cloning/IMG/center_2016_12_15_20_28_05_960.jpg, /Users/celien.nanson/Projects/Self Driving Car ND/CarND-Behavioral-cloning/IMG/left_2016_12_15_20_28_05_960.jpg, /Users/celien.nanson/Projects/Self Driving Car ND/CarND-Behavioral-cloning/IMG/right_2016_12_15_20_28_05_960.jpg, 0, 0, 0, 7.850458E-05
/Users/celien.nanson/Projects/Self Driving Car ND/CarND-Behavioral-cloning/IMG/center_2016_12_15_20_28_06_074.jpg, /Users/celien.nanson/Projects/Self Driving Car ND/CarND-Behavioral-cloning/IMG/left_2016_12_15_20_28_06_074.jpg, /Users/celien.nanson/Projects/Self Driving Car ND/CarND-Behavioral-cloning/IMG/right_2016_12_15_20_28_06_074.jpg, 0, 0, 0, 8.172366E-05
/Users/celien.nanson/Projects/Self Driving Car ND/CarND-Behavioral-cloning/IMG/center_2016_12_15_20_28_06_175.jpg, /Users/celien.nanson/Projects/Self Driving Car ND/CarND-Behavioral-cloning/IMG/left_2016_12_15_20_28_06_175.jpg, /Users/celien.nanson/Projects/Self Driving Car ND/CarND-Behavioral-cloning/IMG/right_2016_12_15_20_28_06_175.jpg, 0, 0, 0, 7.916539E-05
/Users/celien.nanson/Projects/Self Driving Car ND/CarND-Behavioral-cloning/IMG/center_2016_12_15_20_28_06_297.jpg, /Users/celien.nanson/Projects/Self Driving Car ND/CarND-Behavioral-cloning/IMG/left_2016_12_15_20_28_06_297.jpg, /Users/celien.nanson/Projects/Self Driving Car ND/CarND-Behavioral-cloning/IMG/right_2016_12_15_20_28_06_297.jpg, 0, 0, 0, 7.839626E-05
/Users/celien.nanson/Projects/Self Driving Car ND/CarND-Behavioral-cloning/IMG/center_2016_12_15_20_28_06_439.jpg, /Users/celien.nanson/Projects/Self Driving Car ND/CarND-Behavioral-cloning/IMG/left_2016_12_15_20_28_06_439.jpg, /Users/celien.nanson/Projects/Self Driving Car ND/CarND-Behavioral-cloning/IMG/right_2016_12_15_20_28_06_439.jpg, 0, 0.151194, 0, 0.05344715
/Users/celien.nanson/Projects/Self Driving Car ND/CarND-Behavioral-cloning/IMG/center_2016_12_15_20_28_06_561.jpg, /Users/celien.nanson/Projects/Self Driving Car ND/CarND-Behavioral-cloning/IMG/left_2016_12_15_20_28_06_561.jpg, /Users/celien.nanson/Projects/Self Driving Car ND/CarND-Behavioral-cloning/IMG/right_2016_12_15_20_28_06_561.jpg, 0, 0.4847011, 0, 0.6984349
/Users/celien.nanson/Projects/Self Driving Car ND/CarND-Behavioral-cloning/IMG/center_2016_12_15_20_28_06_699.jpg, /Users/celien.nanson/Projects/Self Driving Car ND/CarND-Behavioral-cloning/IMG/left_2016_12_15_20_28_06_699.jpg, /Users/celien.nanson/Projects/Self Driving Car ND/CarND-Behavioral-cloning/IMG/right_2016_12_15_20_28_06_699.jpg, 0, 0.8551891, 0, 1.684456
/Users/celien.nanson/Projects/Self Driving Car ND/CarND-Behavioral-cloning/IMG/center_2016_12_15_20_28_06_788.jpg, /Users/celien.nanson/Projects/Self Driving Car ND/CarND-Behavioral-cloning/IMG/left_2016_12_15_20_28_06_788.jpg, /Users/celien.nanson/Projects/Self Driving Car ND/CarND-Behavioral-cloning/IMG/right_2016_12_15_20_28_06_788.jpg, 0, 1, 0, 3.089262
/Users/celien.nanson/Projects/Self Driving Car ND/CarND-Behavioral-cloning/IMG/center_2016_12_15_20_28_06_892.jpg, /Users/celien.nanson/Projects/Self Driving Car ND/CarND-Behavioral-cloning/IMG/left_2016_12_15_20_28_06_892.jpg, /Users/celien.nanson/Projects/Self Driving Car ND/CarND-Behavioral-cloning/IMG/right_2016_12_15_20_28_06_892.jpg, 0, 1, 0, 4.263263
/Users/celien.nanson/Projects/Self Driving Car ND/CarND-Behavioral-cloning/IMG/center_2016_12_15_20_28_06_995.jpg, /Users/celien.nanson/Projects/Self Driving Car ND/CarND-Behavioral-cloning/IMG/left_2016_12_15_20_28_06_995.jpg, /Users/celien.nanson/Projects/Self Driving Car ND/CarND-Behavioral-cloning/IMG/right_2016_12_15_20_28_06_995.jpg, -0.07916093, 1, 0, 5.425321
/Users/celien.nanson/Projects/Self Driving Car ND/CarND-Behavioral-cloning/IMG/center_2016_12_15_20_28_07_097.jpg, /Users/celien.nanson/Projects/Self Driving Car ND/CarND-Behavioral-cloning/IMG/left_2016_12_15_20_28_07_097.jpg, /Users/celien.nanson/Projects/Self Driving Car ND/CarND-Behavioral-cloning/IMG/right_2016_12_15_20_28_07_097.jpg, -0.387978, 1, 0, 6.540213
/Users/celien.nanson/Projects/Self Driving Car ND/CarND-Behavioral-cloning/IMG/center_2016_12_15_20_28_07_210.jpg, /Users/celien.nanson/Projects/Self Driving Car ND/CarND-Behavioral-cloning/IMG/left_2016_12_15_20_28_07_210.jpg, /Users/celien.nanson/Projects/Self Driving Car ND/CarND-Behavioral-cloning/IMG/right_2016_12_15_20_28_07_210.jpg, -0.04878884, 1, 0, 7.907558
/Users/celien.nanson/Projects/Self Driving Car ND/CarND-Behavioral-cloning/IMG/center_2016_12_15_20_28_07_346.jpg, /Users/celien.nanson/Projects/Self Driving Car ND/CarND-Behavioral-cloning/IMG/left_2016_12_15_20_28_07_346.jpg, /Users/celien.nanson/Projects/Self Driving Car ND/CarND-Behavioral-cloning/IMG/right_2016_12_15_20_28_07_346.jpg, 0, 1, 0, 9.481074
/Users/celien.nanson/Projects/Self Driving Car ND/CarND-Behavioral-cloning/IMG/center_2016_12_15_20_28_07_457.jpg, /Users/celien.nanson/Projects/Self Driving Car ND/CarND-Behavioral-cloning/IMG/left_2016_12_15_20_28_07_457.jpg, /Users/celien.nanson/Projects/Self Driving Car ND/CarND-Behavioral-cloning/IMG/right_2016_12_15_20_28_07_457.jpg, -0.3340049, 1, 0, 10.55072
/Users/celien.nanson/Projects/Self Driving Car ND/CarND-Behavioral-cloning/IMG/center_2016_12_15_20_28_07_596.jpg, /Users/celien.nanson/Projects/Self Driving Car ND/CarND-Behavioral-cloning/IMG/left_2016_12_15_20_28_07_596.jpg, /Users/celien.nanson/Projects/Self Driving Car ND/CarND-Behavioral-cloning/IMG/right_2016_12_15_20_28_07_596.jpg, 0, 1, 0, 11.87085
/Users/celien.nanson/Projects/Self Driving Car ND/CarND-Behavioral-cloning/IMG/center_2016_12_15_20_28_07_717.jpg, /Users/celien.nanson/Projects/Self Driving Car ND/CarND-Behavioral-cloning/IMG/left_2016_12_15_20_28_07_717.jpg, /Users/celien.nanson/Projects/Self Driving Car ND/CarND-Behavioral-cloning/IMG/right_2016_12_15_20_28_07_717.jpg, 0, 1, 0, 13.32006
/Users/celien.nanson/Projects/Self Driving Car ND/CarND-Behavioral-cloning/IMG/center_2016_12_15_20_28_07_817.jpg, /Users/celien.nanson/Projects/Self Driving Car ND/CarND-Behavioral-cloning/IMG/left_2016_12_15_20_28_07_817.jpg, /Users/celien.nanson/Projects/Self Driving Car ND/CarND-Behavioral-cloning/IMG/right_2016_12_15_20_28_07_817.jpg, -0.100701, 1, 0, 14.49548
/Users/celien.nanson/Projects/Self Driving Car ND/CarND-Behavioral-cloning/IMG/center_2016_12_15_20_28_07_935.jpg, /Users/celien.nanson/Projects/Self Driving Car ND/CarND-Behavioral-cloning/IMG/left_2016_12_15_20_28_07_935.jpg, /Users/celien.nanson/Projects/Self Driving Car ND/CarND-Behavioral-cloning/IMG/right_2016_12_15_20_28_07_935.jpg, -0.4672471, 1, 0, 15.64679
/Users/celien.nanson/Projects/Self Driving Car ND/CarND-Behavioral-cloning/IMG/center_2016_12_15_20_28_08_050.jpg, /Users/celien.nanson/Projects/Self Driving Car ND/CarND-Behavioral-cloning/IMG/left_2016_12_15_20_28_08_050.jpg, /Users/celien.nanson/Projects/Self Driving Car ND/CarND-Behavioral-cloning/IMG/right_2016_12_15_20_28_08_050.jpg, -0.1211581, 1, 0, 16.91048
/Users/celien.nanson/Projects/Self Driving Car ND/CarND-Behavioral-cloning/IMG/center_2016_12_15_20_28_08_162.jpg, /Users/celien.nanson/Projects/Self Driving Car ND/CarND-Behavioral-cloning/IMG/left_2016_12_15_20_28_08_162.jpg, /Users/celien.nanson/Projects/Self Driving Car ND/CarND-Behavioral-cloning/IMG/right_2016_12_15_20_28_08_162.jpg, -0.456174, 1, 0, 18.08211
/Users/celien.nanson/Projects/Self Driving Car ND/CarND-Behavioral-cloning/IMG/center_2016_12_15_20_28_08_262.jpg, /Users/celien.nanson/Projects/Self Driving Car ND/CarND-Behavioral-cloning/IMG/left_2016_12_15_20_28_08_262.jpg, /Users/celien.nanson/Projects/Self Driving Car ND/CarND-Behavioral-cloning/IMG/right_2016_12_15_20_28_08_262.jpg, -0.5816941, 1, 0, 18.95567
/Users/celien.nanson/Projects/Self Driving Car ND/CarND-Behavioral-cloning/IMG/center_2016_12_15_20_28_08_366.jpg, /Users/celien.nanson/Projects/Self Driving Car ND/CarND-Behavioral-cloning/IMG/left_2016_12_15_20_28_08_366.jpg, /Users/celien.nanson/Projects/Self Driving Car ND/CarND-Behavioral-cloning/IMG/right_2016_12_15_20_28_08_366.jpg, -0.271137, 1, 0, 19.97424
/Users/celien.nanson/Projects/Self Driving Car ND/CarND-Behavioral-cloning/IMG/center_2016_12_15_20_28_08_499.jpg, /Users/celien.nanson/Projects/Self Driving Car ND/CarND-Behavioral-cloning/IMG/left_2016_12_15_20_28_08_499.jpg, /Users/celien.nanson/Projects/Self Driving Car ND/CarND-Behavioral-cloning/IMG/right_2016_12_15_20_28_08_499.jpg, -0.1141049, 1, 0, 21.14855
/Users/celien.nanson/Projects/Self Driving Car ND/CarND-Behavioral-cloning/IMG/center_2016_12_15_20_28_08_608.jpg, /Users/celien.nanson/Projects/Self Driving Car ND/CarND-Behavioral-cloning/IMG/left_2016_12_15_20_28_08_608.jpg, /Users/celien.nanson/Projects/Self Driving Car ND/CarND-Behavioral-cloning/IMG/right_2016_12_15_20_28_08_608.jpg, -0.263283, 1, 0, 22.28233
/Users/celien.nanson/Projects/Self Driving Car ND/CarND-Behavioral-cloning/IMG/center_2016_12_15_20_28_08_711.jpg, /Users/celien.nanson/Projects/Self Driving Car ND/CarND-Behavioral-cloning/IMG/left_2016_12_15_20_28_08_711.jpg, /Users/celien.nanson/Projects/Self Driving Car ND/CarND-Behavioral-cloning/IMG/right_2016_12_15_20_28_08_711.jpg, 0, 1, 0, 23.27628
/Users/celien.nanson/Projects/Self Driving Car ND/CarND-Behavioral-cloning/IMG/center_2016_12_15_20_28_08_822.jpg, /Users/celien.nanson/Projects/Self Driving Car ND/CarND-Behavioral-cloning/IMG/left_2016_12_15_20_28_08_822.jpg, /Users/celien.nanson/Projects/Self Driving Car ND/CarND-Behavioral-cloning/IMG/right_2016_12_15_20_28_08_822.jpg, 0, 1, 0, 24.43456
/Users/celien.nanson/Projects/Self Driving Car ND/CarND-Behavioral-cloning/IMG/center_2016_12_15_20_28_08_924.jpg, /Users/celien.nanson/Projects/Self Driving Car ND/CarND-Behavioral-cloning/IMG/left_2016_12_15_20_28_08_924.jpg, /Users/celien.nanson/Projects/Self Driving Car ND/CarND-Behavioral-cloning/IMG/right_2016_12_15_20_28_08_924.jpg, 0, 1, 0, 25.39486
/Users/celien.nanson/Projects/Self Driving Car ND/CarND-Behavioral-cloning/IMG/center_2016_12_15_20_28_09_026.jpg, /Users/celien.nanson/Projects/Self Driving Car ND/CarND-Behavioral-cloning/IMG/left_2016_12_15_20_28_09_026.jpg, /Users/celien.nanson/Projects/Self Driving Car ND/CarND-Behavioral-cloning/IMG/right_2016_12_15_20_28_09_026.jpg, 0, 1, 0, 26.34785
/Users/celien.nanson/Projects/Self Driving Car ND/CarND-Behavioral-cloning/IMG/center_2016_12_15_20_28_09_130.jpg, /Users/celien.nanson/Projects/Self Driving Car ND/CarND-Behavioral-cloning/IMG/left_2016_12_15_20_28_09_130.jpg, /Users/celien.nanson/Projects/Self Driving Car ND/CarND-Behavioral-cloning/IMG/right_2016_12_15_20_28_09_130.jpg, 0, 1, 0, 27.29114
/Users/celien.nanson/Projects/Self Driving Car ND/CarND-Behavioral-cloning/IMG/center_2016_12_15_20_28_09_234.jpg, /Users/celien.nanson/Projects/Self Driving Car ND/CarND-Behavioral-cloning/IMG/left_2016_12_15_20_28_09_234.jpg, /Users/celien.nanson/Projects/Self Driving Car ND/CarND-Behavioral-cloning/IMG/right_2016_12_15_20_28_09_234.jpg, -0.08755499, 1, 0, 28.22318
/Users/celien.nanson/Projects/Self Driving Car ND/CarND-Behavioral-cloning/IMG/center_2016_12_15_20_28_09_335.jpg, /Users/celien.nanson/Projects/Self Driving Car ND/CarND-Behavioral-cloning/IMG/left_2016_12_15_20_28_09_335.jpg, /Users/celien.nanson/Projects/Self Driving Car ND/CarND-Behavioral-cloning/IMG/right_2016_12_15_20_28_09_335.jpg, -0.3881851, 1, 0, 29.03734
/Users/celien.nanson/Projects/Self Driving Car ND/CarND-Behavioral-cloning/IMG/center_2016_12_15_20_28_09_446.jpg, /Users/celien.nanson/Projects/Self Driving Car ND/CarND-Behavioral-cloning/IMG/left_2016_12_15_20_28_09_446.jpg, /Users/celien.nanson/Projects/Self Driving Car ND/CarND-Behavioral-cloning/IMG/right_2016_12_15_20_28_09_446.jpg, -0.05517, 1, 0, 30.13445
/Users/celien.nanson/Projects/Self Driving Car ND/CarND-Behavioral-cloning/IMG/center_2016_12_15_20_28_09_554.jpg, /Users/celien.nanson/Projects/Self Driving Car ND/CarND-Behavioral-cloning/IMG/left_2016_12_15_20_28_09_554.jpg, /Users/celien.nanson/Projects/Self Driving Car ND/CarND-Behavioral-cloning/IMG/right_2016_12_15_20_28_09_554.jpg, -0.1377509, 1, 0, 30.18853
/Users/celien.nanson/Projects/Self Driving Car ND/CarND-Behavioral-cloning/IMG/center_2016_12_15_20_28_09_676.jpg, /Users/celien.nanson/Projects/Self Driving Car ND/CarND-Behavioral-cloning/IMG/left_2016_12_15_20_28_09_676.jpg, /Users/celien.nanson/Projects/Self Driving Car ND/CarND-Behavioral-cloning/IMG/right_2016_12_15_20_28_09_676.jpg, -0.361545, 1, 0, 30.17328
/Users/celien.nanson/Projects/Self Driving Car ND/CarND-Behavioral-cloning/IMG/center_2016_12_15_20_28_09_790.jpg, /Users/celien.nanson/Projects/Self Driving Car ND/CarND-Behavioral-cloning/IMG/left_2016_12_15_20_28_09_790.jpg, /Users/celien.nanson/Projects/Self Driving Car ND/CarND-Behavioral-cloning/IMG/right_2016_12_15_20_28_09_790.jpg, -0.02285081, 1, 0, 30.18812
/Users/celien.nanson/Projects/Self Driving Car ND/CarND-Behavioral-cloning/IMG/center_2016_12_15_20_28_09_945.jpg, /Users/celien.nanson/Projects/Self Driving Car ND/CarND-Behavioral-cloning/IMG/left_2016_12_15_20_28_09_945.jpg, /Users/celien.nanson/Projects/Self Driving Car ND/CarND-Behavioral-cloning/IMG/right_2016_12_15_20_28_09_945.jpg, -0.2535691, 1, 0, 30.183
/Users/celien.nanson/Projects/Self Driving Car ND/CarND-Behavioral-cloning/IMG/center_2016_12_15_20_28_10_052.jpg, /Users/celien.nanson/Projects/Self Driving Car ND/CarND-Behavioral-cloning/IMG/left_2016_12_15_20_28_10_052.jpg, /Users/celien.nanson/Projects/Self Driving Car ND/CarND-Behavioral-cloning/IMG/right_2016_12_15_20_28_10_052.jpg, -0.575169, 1, 0, 30.13792
/Users/celien.nanson/Projects/Self Driving Car ND/CarND-Behavioral-cloning/IMG/center_2016_12_15_20_28_10_493.jpg, /Users/celien.nanson/Projects/Self Driving Car ND/CarND-Behavioral-cloning/IMG/left_2016_12_15_20_28_10_493.jpg, /Users/celien.nanson/Projects/Self Driving Car ND/CarND-Behavioral-cloning/IMG/right_2016_12_15_20_28_10_493.jpg, 0, 1, 0, 30.19034
/Users/celien.nanson/Projects/Self Driving Car ND/CarND-Behavioral-cloning/IMG/center_2016_12_15_20_28_10_605.jpg, /Users/celien.nanson/Projects/Self Driving Car ND/CarND-Behavioral-cloning/IMG/left_2016_12_15_20_28_10_605.jpg, /Users/celien.nanson/Projects/Self Driving Car ND/CarND-Behavioral-cloning/IMG/right_2016_12_15_20_28_10_605.jpg, -0.05904901, 1, 0, 30.19027
/Users/celien.nanson/Projects/Self Driving Car ND/CarND-Behavioral-cloning/IMG/center_2016_12_15_20_28_10_747.jpg, /Users/celien.nanson/Projects/Self Driving Car ND/CarND-Behavioral-cloning/IMG/left_2016_12_15_20_28_10_747.jpg, /Users/celien.nanson/Projects/Self Driving Car ND/CarND-Behavioral-cloning/IMG/right_2016_12_15_20_28_10_747.jpg, 0, 1, 0, 30.19028
/Users/celien.nanson/Projects/Self Driving Car ND/CarND-Behavioral-cloning/IMG/center_2016_12_15_20_28_10_851.jpg, /Users/celien.nanson/Projects/Self Driving Car ND/CarND-Behavioral-cloning/IMG/left_2016_12_15_20_28_10_851.jpg, /Users/celien.nanson/Projects/Self Driving Car ND/CarND-Behavioral-cloning/IMG/right_2016_12_15_20_28_10_851.jpg, 0, 1, 0, 30.19032
/Users/celien.nanson/Projects/Self Driving Car ND/CarND-Behavioral-cloning/IMG/center_2016_12_15_20_28_10_956.jpg, /Users/celien.nanson/Projects/Self Driving Car ND/CarND-Behavioral-cloning/IMG/left_2016_12_15_20_28_10_956.jpg, /Users/celien.nanson/Projects/Self Driving Car ND/CarND-Behavioral-cloning/IMG/right_2016_12_15_20_28_10_956.jpg, 0.31572, 1, 0, 30.1689
/Users/celien.nanson/Projects/Self Driving Car ND/CarND-Behavioral-cloning/IMG/center_2016_12_15_20_28_11_058.jpg, /Users/celien.nanson/Projects/Self Driving Car ND/CarND-Behavioral-cloning/IMG/left_2016_12_15_20_28_11_058.jpg, /Users/celien.nanson/Projects/Self Driving Car ND/CarND-Behavioral-cloning/IMG/right_2016_12_15_20_28_11_058.jpg, 0.6210539, 1, 0, 30.12756
/Users/celien.nanson/Projects/Self Driving Car ND/CarND-Behavioral-cloning/IMG/center_2016_12_15_20_28_11_185.jpg, /Users/celien.nanson/Projects/Self Driving Car ND/CarND-Behavioral-cloning/IMG/left_2016_12_15_20_28_11_185.jpg, /Users/celien.nanson/Projects/Self Driving Car ND/CarND-Behavioral-cloning/IMG/right_2016_12_15_20_28_11_185.jpg, 0.2418718, 1, 0, 30.19377
/Users/celien.nanson/Projects/Self Driving Car ND/CarND-Behavioral-cloning/IMG/center_2016_12_15_20_28_11_297.jpg, /Users/celien.nanson/Projects/Self Driving Car ND/CarND-Behavioral-cloning/IMG/left_2016_12_15_20_28_11_297.jpg, /Users/celien.nanson/Projects/Self Driving Car ND/CarND-Behavioral-cloning/IMG/right_2016_12_15_20_28_11_297.jpg, -0.1030619, 1, 0, 30.18002
/Users/celien.nanson/Projects/Self Driving Car ND/CarND-Behavioral-cloning/IMG/center_2016_12_15_20_28_11_398.jpg, /Users/celien.nanson/Projects/Self Driving Car ND/CarND-Behavioral-cloning/IMG/left_2016_12_15_20_28_11_398.jpg, /Users/celien.nanson/Projects/Self Driving Car ND/CarND-Behavioral-cloning/IMG/right_2016_12_15_20_28_11_398.jpg, 0, 1, 0, 30.18991
/Users/celien.nanson/Projects/Self Driving Car ND/CarND-Behavioral-cloning/IMG/center_2016_12_15_20_28_11_498.jpg, /Users/celien.nanson/Projects/Self Driving Car ND/CarND-Behavioral-cloning/IMG/left_2016_12_15_20_28_11_498.jpg, /Users/celien.nanson/Projects/Self Driving Car ND/CarND-Behavioral-cloning/IMG/right_2016_12_15_20_28_11_498.jpg, 0, 1, 0, 30.19029
/Users/celien.nanson/Projects/Self Driving Car ND/CarND-Behavioral-cloning/IMG/center_2016_12_15_20_28_11_629.jpg, /Users/celien.nanson/Projects/Self Driving Car ND/CarND-Behavioral-cloning/IMG/left_2016_12_15_20_28_11_629.jpg, /Users/celien.nanson/Projects/Self Driving Car ND/CarND-Behavioral-cloning/IMG/right_2016_12_15_20_28_11_629.jpg, 0, 1, 0, 30.19057
/Users/celien.nanson/Projects/Self Driving Car ND/CarND-Behavioral-cloning/IMG/center_2016_12_15_20_28_11_743.jpg, /Users/celien.nanson/Projects/Self Driving Car ND/CarND-Behavioral-cloning/IMG/left_2016_12_15_20_28_11_743.jpg, /Users/celien.nanson/Projects/Self Driving Car ND/CarND-Behavioral-cloning/IMG/right_2016_12_15_20_28_11_743.jpg, -0.09055209, 1, 0, 30.18677
/Users/celien.nanson/Projects/Self Driving Car ND/CarND-Behavioral-cloning/IMG/center_2016_12_15_20_28_11_868.jpg, /Users/celien.nanson/Projects/Self Driving Car ND/CarND-Behavioral-cloning/IMG/left_2016_12_15_20_28_11_868.jpg, /Users/celien.nanson/Projects/Self Driving Car ND/CarND-Behavioral-cloning/IMG/right_2016_12_15_20_28_11_868.jpg, -0.469707, 1, 0, 30.14258
/Users/celien.nanson/Projects/Self Driving Car ND/CarND-Behavioral-cloning/IMG/center_2016_12_15_20_28_11_979.jpg, /Users/celien.nanson/Projects/Self Driving Car ND/CarND-Behavioral-cloning/IMG/left_2016_12_15_20_28_11_979.jpg, /Users/celien.nanson/Projects/Self Driving Car ND/CarND-Behavioral-cloning/IMG/right_2016_12_15_20_28_11_979.jpg, -0.6317911, 1, 0, 30.15132
/Users/celien.nanson/Projects/Self Driving Car ND/CarND-Behavioral-cloning/IMG/center_2016_12_15_20_28_12_085.jpg, /Users/celien.nanson/Projects/Self Driving Car ND/CarND-Behavioral-cloning/IMG/left_2016_12_15_20_28_12_085.jpg, /Users/celien.nanson/Projects/Self Driving Car ND/CarND-Behavioral-cloning/IMG/right_2016_12_15_20_28_12_085.jpg, -0.314496, 1, 0, 30.19393
/Users/celien.nanson/Projects/Self Driving Car ND/CarND-Behavioral-cloning/IMG/center_2016_12_15_20_28_12_190.jpg, /Users/celien.nanson/Projects/Self Driving Car ND/CarND-Behavioral-cloning/IMG/left_2016_12_15_20_28_12_190.jpg, /Users/celien.nanson/Projects/Self Driving Car ND/CarND-Behavioral-cloning/IMG/right_2016_12_15_20_28_12_190.jpg, 0, 1, 0, 30.18245
/Users/celien.nanson/Projects/Self Driving Car ND/CarND-Behavioral-cloning/IMG/center_2016_12_15_20_28_12_300.jpg, /Users/celien.nanson/Projects/Self Driving Car ND/CarND-Behavioral-cloning/IMG/left_2016_12_15_20_28_12_300.jpg, /Users/celien.nanson/Projects/Self Driving Car ND/CarND-Behavioral-cloning/IMG/right_2016_12_15_20_28_12_300.jpg, 0, 1, 0, 30.18921
/Users/celien.nanson/Projects/Self Driving Car ND/CarND-Behavioral-cloning/IMG/center_2016_12_15_20_28_12_404.jpg, /Users/celien.nanson/Projects/Self Driving Car ND/CarND-Behavioral-cloning/IMG/left_2016_12_15_20_28_12_404.jpg, /Users/celien.nanson/Projects/Self Driving Car ND/CarND-Behavioral-cloning/IMG/right_2016_12_15_20_28_12_404.jpg, 0, 1, 0, 30.18982
/Users/celien.nanson/Projects/Self Driving Car ND/CarND-Behavioral-cloning/IMG/center_2016_12_15_20_28_12_526.jpg, /Users/celien.nanson/Projects/Self Driving Car ND/CarND-Behavioral-cloning/IMG/left_2016_12_15_20_28_12_526.jpg, /Users/celien.nanson/Projects/Self Driving Car ND/CarND-Behavioral-cloning/IMG/right_2016_12_15_20_28_12_526.jpg, -0.107256, 1, 0, 30.18672
/Users/celien.nanson/Projects/Self Driving Car ND/CarND-Behavioral-cloning/IMG/center_2016_12_15_20_28_12_657.jpg, /Users/celien.nanson/Projects/Self Driving Car ND/CarND-Behavioral-cloning/IMG/left_2016_12_15_20_28_12_657.jpg, /Users/celien.nanson/Projects/Self Driving Car ND/CarND-Behavioral-cloning/IMG/right_2016_12_15_20_28_12_657.jpg, -0.502455, 1, 0, 30.14806
/Users/celien.nanson/Projects/Self Driving Car ND/CarND-Behavioral-cloning/IMG/center_2016_12_15_20_28_12_777.jpg, /Users/celien.nanson/Projects/Self Driving Car ND/CarND-Behavioral-cloning/IMG/left_2016_12_15_20_28_12_777.jpg, /Users/celien.nanson/Projects/Self Driving Car ND/CarND-Behavioral-cloning/IMG/right_2016_12_15_20_28_12_777.jpg, -0.86124, 1, 0, 30.10053
/Users/celien.nanson/Projects/Self Driving Car ND/CarND-Behavioral-cloning/IMG/center_2016_12_15_20_28_12_894.jpg, /Users/celien.nanson/Projects/Self Driving Car ND/CarND-Behavioral-cloning/IMG/left_2016_12_15_20_28_12_894.jpg, /Users/celien.nanson/Projects/Self Driving Car ND/CarND-Behavioral-cloning/IMG/right_2016_12_15_20_28_12_894.jpg, -0.8731869, 1, 0, 30.14177
/Users/celien.nanson/Projects/Self Driving Car ND/CarND-Behavioral-cloning/IMG/center_2016_12_15_20_28_13_005.jpg, /Users/celien.nanson/Projects/Self Driving Car ND/CarND-Behavioral-cloning/IMG/left_2016_12_15_20_28_13_005.jpg, /Users/celien.nanson/Projects/Self Driving Car ND/CarND-Behavioral-cloning/IMG/right_2016_12_15_20_28_13_005.jpg, -0.5399801, 1, 0, 30.20019
/Users/celien.nanson/Projects/Self Driving Car ND/CarND-Behavioral-cloning/IMG/center_2016_12_15_20_28_13_123.jpg, /Users/celien.nanson/Projects/Self Driving Car ND/CarND-Behavioral-cloning/IMG/left_2016_12_15_20_28_13_123.jpg, /Users/celien.nanson/Projects/Self Driving Car ND/CarND-Behavioral-cloning/IMG/right_2016_12_15_20_28_13_123.jpg, -0.186604, 1, 0, 30.19978
/Users/celien.nanson/Projects/Self Driving Car ND/CarND-Behavioral-cloning/IMG/center_2016_12_15_20_28_13_242.jpg, /Users/celien.nanson/Projects/Self Driving Car ND/CarND-Behavioral-cloning/IMG/left_2016_12_15_20_28_13_242.jpg, /Users/celien.nanson/Projects/Self Driving Car ND/CarND-Behavioral-cloning/IMG/right_2016_12_15_20_28_13_242.jpg, 0, 1, 0, 30.18905
/Users/celien.nanson/Projects/Self Driving Car ND/CarND-Behavioral-cloning/IMG/center_2016_12_15_20_28_13_368.jpg, /Users/celien.nanson/Projects/Self Driving Car ND/CarND-Behavioral-cloning/IMG/left_2016_12_15_20_28_13_368.jpg, /Users/celien.nanson/Projects/Self Driving Car ND/CarND-Behavioral-cloning/IMG/right_2016_12_15_20_28_13_368.jpg, 0.164055, 1, 0, 30.18031
/Users/celien.nanson/Projects/Self Driving Car ND/CarND-Behavioral-cloning/IMG/center_2016_12_15_20_28_13_487.jpg, /Users/celien.nanson/Projects/Self Driving Car ND/CarND-Behavioral-cloning/IMG/left_2016_12_15_20_28_13_487.jpg, /Users/celien.nanson/Projects/Self Driving Car ND/CarND-Behavioral-cloning/IMG/right_2016_12_15_20_28_13_487.jpg, 0.5235359, 1, 0, 30.13611
/Users/celien.nanson/Projects/Self Driving Car ND/CarND-Behavioral-cloning/IMG/center_2016_12_15_20_28_13_605.jpg, /Users/celien.nanson/Projects/Self Driving Car ND/CarND-Behavioral-cloning/IMG/left_2016_12_15_20_28_13_605.jpg, /Users/celien.nanson/Projects/Self Driving Car ND/CarND-Behavioral-cloning/IMG/right_2016_12_15_20_28_13_605.jpg, 0.8767319, 1, 0, 30.09982
/Users/celien.nanson/Projects/Self Driving Car ND/CarND-Behavioral-cloning/IMG/center_2016_12_15_20_28_13_718.jpg, /Users/celien.nanson/Projects/Self Driving Car ND/CarND-Behavioral-cloning/IMG/left_2016_12_15_20_28_13_718.jpg, /Users/celien.nanson/Projects/Self Driving Car ND/CarND-Behavioral-cloning/IMG/right_2016_12_15_20_28_13_718.jpg, 0.5375519, 1, 0, 30.18797
/Users/celien.nanson/Projects/Self Driving Car ND/CarND-Behavioral-cloning/IMG/center_2016_12_15_20_28_13_835.jpg, /Users/celien.nanson/Projects/Self Driving Car ND/CarND-Behavioral-cloning/IMG/left_2016_12_15_20_28_13_835.jpg, /Users/celien.nanson/Projects/Self Driving Car ND/CarND-Behavioral-cloning/IMG/right_2016_12_15_20_28_13_835.jpg, 0.1877698, 1, 0, 30.19348
/Users/celien.nanson/Projects/Self Driving Car ND/CarND-Behavioral-cloning/IMG/center_2016_12_15_20_28_13_950.jpg, /Users/celien.nanson/Projects/Self Driving Car ND/CarND-Behavioral-cloning/IMG/left_2016_12_15_20_28_13_950.jpg, /Users/celien.nanson/Projects/Self Driving Car ND/CarND-Behavioral-cloning/IMG/right_2016_12_15_20_28_13_950.jpg, 0, 1, 0, 30.1869
/Users/celien.nanson/Projects/Self Driving Car ND/CarND-Behavioral-cloning/IMG/center_2016_12_15_20_28_14_065.jpg, /Users/celien.nanson/Projects/Self Driving Car ND/CarND-Behavioral-cloning/IMG/left_2016_12_15_20_28_14_065.jpg, /Users/celien.nanson/Projects/Self Driving Car ND/CarND-Behavioral-cloning/IMG/right_2016_12_15_20_28_14_065.jpg, -0.3441151, 1, 0, 30.15379
/Users/celien.nanson/Projects/Self Driving Car ND/CarND-Behavioral-cloning/IMG/center_2016_12_15_20_28_14_180.jpg, /Users/celien.nanson/Projects/Self Driving Car ND/CarND-Behavioral-cloning/IMG/left_2016_12_15_20_28_14_180.jpg, /Users/celien.nanson/Projects/Self Driving Car ND/CarND-Behavioral-cloning/IMG/right_2016_12_15_20_28_14_180.jpg, -0.426699, 1, 0, 30.16901
/Users/celien.nanson/Projects/Self Driving Car ND/CarND-Behavioral-cloning/IMG/center_2016_12_15_20_28_14_293.jpg, /Users/celien.nanson/Projects/Self Driving Car ND/CarND-Behavioral-cloning/IMG/left_2016_12_15_20_28_14_293.jpg, /Users/celien.nanson/Projects/Self Driving Car ND/CarND-Behavioral-cloning/IMG/right_2016_12_15_20_28_14_293.jpg, -0.08743805, 1, 0, 30.18869
/Users/celien.nanson/Projects/Self Driving Car ND/CarND-Behavioral-cloning/IMG/center_2016_12_15_20_28_14_411.jpg, /Users/celien.nanson/Projects/Self Driving Car ND/CarND-Behavioral-cloning/IMG/left_2016_12_15_20_28_14_411.jpg, /Users/celien.nanson/Projects/Self Driving Car ND/CarND-Behavioral-cloning/IMG/right_2016_12_15_20_28_14_411.jpg, 0, 1, 0, 30.18906
/Users/celien.nanson/Projects/Self Driving Car ND/CarND-Behavioral-cloning/IMG/center_2016_12_15_20_28_14_527.jpg, /Users/celien.nanson/Projects/Self Driving Car ND/CarND-Behavioral-cloning/IMG/left_2016_12_15_20_28_14_527.jpg, /Users/celien.nanson/Projects/Self Driving Car ND/CarND-Behavioral-cloning/IMG/right_2016_12_15_20_28_14_527.jpg, 0, 1, 0, 30.18987
/Users/celien.nanson/Projects/Self Driving Car ND/CarND-Behavioral-cloning/IMG/center_2016_12_15_20_28_14_640.jpg, /Users/celien.nanson/Projects/Self Driving Car ND/CarND-Behavioral-cloning/IMG/left_2016_12_15_20_28_14_640.jpg, /Users/celien.nanson/Projects/Self Driving Car ND/CarND-Behavioral-cloning/IMG/right_2016_12_15_20_28_14_640.jpg, 0, 1, 0, 30.18977
/Users/celien.nanson/Projects/Self Driving Car ND/CarND-Behavioral-cloning/IMG/center_2016_12_15_20_28_14_756.jpg, /Users/celien.nanson/Projects/Self Driving Car ND/CarND-Behavioral-cloning/IMG/left_2016_12_15_20_28_14_756.jpg, /Users/celien.nanson/Projects/Self Driving Car ND/CarND-Behavioral-cloning/IMG/right_2016_12_15_20_28_14_756.jpg, 0.348462, 1, 0, 30.15938
/Users/celien.nanson/Projects/Self Driving Car ND/CarND-Behavioral-cloning/IMG/center_2016_12_15_20_28_14_872.jpg, /Users/celien.nanson/Projects/Self Driving Car ND/CarND-Behavioral-cloning/IMG/left_2016_12_15_20_28_14_872.jpg, /Users/celien.nanson/Projects/Self Driving Car ND/CarND-Behavioral-cloning/IMG/right_2016_12_15_20_28_14_872.jpg, 0.001329124, 1, 0, 30.1877
/Users/celien.nanson/Projects/Self Driving Car ND/CarND-Behavioral-cloning/IMG/center_2016_12_15_20_28_14_985.jpg, /Users/celien.nanson/Projects/Self Driving Car ND/CarND-Behavioral-cloning/IMG/left_2016_12_15_20_28_14_985.jpg, /Users/celien.nanson/Projects/Self Driving Car ND/CarND-Behavioral-cloning/IMG/right_2016_12_15_20_28_14_985.jpg, 0, 1, 0, 30.19059
/Users/celien.nanson/Projects/Self Driving Car ND/CarND-Behavioral-cloning/IMG/center_2016_12_15_20_28_15_103.jpg, /Users/celien.nanson/Projects/Self Driving Car ND/CarND-Behavioral-cloning/IMG/left_2016_12_15_20_28_15_103.jpg, /Users/celien.nanson/Projects/Self Driving Car ND/CarND-Behavioral-cloning/IMG/right_2016_12_15_20_28_15_103.jpg, 0, 1, 0, 30.19061
/Users/celien.nanson/Projects/Self Driving Car ND/CarND-Behavioral-cloning/IMG/center_2016_12_15_20_28_15_214.jpg, /Users/celien.nanson/Projects/Self Driving Car ND/CarND-Behavioral-cloning/IMG/left_2016_12_15_20_28_15_214.jpg, /Users/celien.nanson/Projects/Self Driving Car ND/CarND-Behavioral-cloning/IMG/right_2016_12_15_20_28_15_214.jpg, 0, 1, 0, 30.19066
/Users/celien.nanson/Projects/Self Driving Car ND/CarND-Behavioral-cloning/IMG/center_2016_12_15_20_28_15_327.jpg, /Users/celien.nanson/Projects/Self Driving Car ND/CarND-Behavioral-cloning/IMG/left_2016_12_15_20_28_15_327.jpg, /Users/celien.nanson/Projects/Self Driving Car ND/CarND-Behavioral-cloning/IMG/right_2016_12_15_20_28_15_327.jpg, -0.3439921, 1, 0, 30.16198
/Users/celien.nanson/Projects/Self Driving Car ND/CarND-Behavioral-cloning/IMG/center_2016_12_15_20_28_15_440.jpg, /Users/celien.nanson/Projects/Self Driving Car ND/CarND-Behavioral-cloning/IMG/left_2016_12_15_20_28_15_440.jpg, /Users/celien.nanson/Projects/Self Driving Car ND/CarND-Behavioral-cloning/IMG/right_2016_12_15_20_28_15_440.jpg, -0.4284959, 1, 0, 30.17356
/Users/celien.nanson/Projects/Self Driving Car ND/CarND-Behavioral-cloning/IMG/center_2016_12_15_20_28_15_556.jpg, /Users/celien.nanson/Projects/Self Driving Car ND/CarND-Behavioral-cloning/IMG/left_2016_12_15_20_28_15_556.jpg, /Users/celien.nanson/Projects/Self Driving Car ND/CarND-Behavioral-cloning/IMG/right_2016_12_15_20_28_15_556.jpg, -0.08027708, 1, 0, 30.18873
/Users/celien.nanson/Projects/Self Driving Car ND/CarND-Behavioral-cloning/IMG/center_2016_12_15_20_28_15_691.jpg, /Users/celien.nanson/Projects/Self Driving Car ND/CarND-Behavioral-cloning/IMG/left_2016_12_15_20_28_15_691.jpg, /Users/celien.nanson/Projects/Self Driving Car ND/CarND-Behavioral-cloning/IMG/right_2016_12_15_20_28_15_691.jpg, 0, 1, 0, 30.18993
/Users/celien.nanson/Projects/Self Driving Car ND/CarND-Behavioral-cloning/IMG/center_2016_12_15_20_28_15_831.jpg, /Users/celien.nanson/Projects/Self Driving Car ND/CarND-Behavioral-cloning/IMG/left_2016_12_15_20_28_15_831.jpg, /Users/celien.nanson/Projects/Self Driving Car ND/CarND-Behavioral-cloning/IMG/right_2016_12_15_20_28_15_831.jpg, 0, 1, 0, 30.19025
/Users/celien.nanson/Projects/Self Driving Car ND/CarND-Behavioral-cloning/IMG/center_2016_12_15_20_28_15_952.jpg, /Users/celien.nanson/Projects/Self Driving Car ND/CarND-Behavioral-cloning/IMG/left_2016_12_15_20_28_15_952.jpg, /Users/celien.nanson/Projects/Self Driving Car ND/CarND-Behavioral-cloning/IMG/right_2016_12_15_20_28_15_952.jpg, 0, 1, 0, 30.19064
/Users/celien.nanson/Projects/Self Driving Car ND/CarND-Behavioral-cloning/IMG/center_2016_12_15_20_28_16_071.jpg, /Users/celien.nanson/Projects/Self Driving Car ND/CarND-Behavioral-cloning/IMG/left_2016_12_15_20_28_16_071.jpg, /Users/celien.nanson/Projects/Self Driving Car ND/CarND-Behavioral-cloning/IMG/right_2016_12_15_20_28_16_071.jpg, 0, 1, 0, 30.19034
/Users/celien.nanson/Projects/Self Driving Car ND/CarND-Behavioral-cloning/IMG/center_2016_12_15_20_28_16_188.jpg, /Users/celien.nanson/Projects/Self Driving Car ND/CarND-Behavioral-cloning/IMG/left_2016_12_15_20_28_16_188.jpg, /Users/celien.nanson/Projects/Self Driving Car ND/CarND-Behavioral-cloning/IMG/right_2016_12_15_20_28_16_188.jpg, 0, 1, 0, 30.19034
/Users/celien.nanson/Projects/Self Driving Car ND/CarND-Behavioral-cloning/IMG/center_2016_12_15_20_28_16_306.jpg, /Users/celien.nanson/Projects/Self Driving Car ND/CarND-Behavioral-cloning/IMG/left_2016_12_15_20_28_16_306.jpg, /Users/celien.nanson/Projects/Self Driving Car ND/CarND-Behavioral-cloning/IMG/right_2016_12_15_20_28_16_306.jpg, 0, 1, 0, 30.19036
/Users/celien.nanson/Projects/Self Driving Car ND/CarND-Behavioral-cloning/IMG/center_2016_12_15_20_28_16_421.jpg, /Users/celien.nanson/Projects/Self Driving Car ND/CarND-Behavioral-cloning/IMG/left_2016_12_15_20_28_16_421.jpg, /Users/celien.nanson/Projects/Self Driving Car ND/CarND-Behavioral-cloning/IMG/right_2016_12_15_20_28_16_421.jpg, -0.138753, 1, 0, 30.18558
/Users/celien.nanson/Projects/Self Driving Car ND/CarND-Behavioral-cloning/IMG/center_2016_12_15_20_28_16_533.jpg, /Users/celien.nanson/Projects/Self Driving Car ND/CarND-Behavioral-cloning/IMG/left_2016_12_15_20_28_16_533.jpg, /Users/celien.nanson/Projects/Self Driving Car ND/CarND-Behavioral-cloning/IMG/right_2016_12_15_20_28_16_533.jpg, 0, 1, 0, 30.19024
/Users/celien.nanson/Projects/Self Driving Car ND/CarND-Behavioral-cloning/IMG/center_2016_12_15_20_28_16_673.jpg, /Users/celien.nanson/Projects/Self Driving Car ND/CarND-Behavioral-cloning/IMG/left_2016_12_15_20_28_16_673.jpg, /Users/celien.nanson/Projects/Self Driving Car ND/CarND-Behavioral-cloning/IMG/right_2016_12_15_20_28_16_673.jpg, 0, 1, 0, 30.19137
/Users/celien.nanson/Projects/Self Driving Car ND/CarND-Behavioral-cloning/IMG/center_2016_12_15_20_28_16_783.jpg, /Users/celien.nanson/Projects/Self Driving Car ND/CarND-Behavioral-cloning/IMG/left_2016_12_15_20_28_16_783.jpg, /Users/celien.nanson/Projects/Self Driving Car ND/CarND-Behavioral-cloning/IMG/right_2016_12_15_20_28_16_783.jpg, 0, 1, 0, 30.19063
/Users/celien.nanson/Projects/Self Driving Car ND/CarND-Behavioral-cloning/IMG/center_2016_12_15_20_28_16_900.jpg, /Users/celien.nanson/Projects/Self Driving Car ND/CarND-Behavioral-cloning/IMG/left_2016_12_15_20_28_16_900.jpg, /Users/celien.nanson/Projects/Self Driving Car ND/CarND-Behavioral-cloning/IMG/right_2016_12_15_20_28_16_900.jpg, 0, 1, 0, 30.1921
/Users/celien.nanson/Projects/Self Driving Car ND/CarND-Behavioral-cloning/IMG/center_2016_12_15_20_28_17_024.jpg, /Users/celien.nanson/Projects/Self Driving Car ND/CarND-Behavioral-cloning/IMG/left_2016_12_15_20_28_17_024.jpg, /Users/celien.nanson/Projects/Self Driving Car ND/CarND-Behavioral-cloning/IMG/right_2016_12_15_20_28_17_024.jpg, 0, 1, 0, 30.19037
/Users/celien.nanson/Projects/Self Driving Car ND/CarND-Behavioral-cloning/IMG/center_2016_12_15_20_28_17_141.jpg, /Users/celien.nanson/Projects/Self Driving Car ND/CarND-Behavioral-cloning/IMG/left_2016_12_15_20_28_17_141.jpg, /Users/celien.nanson/Projects/Self Driving Car ND/CarND-Behavioral-cloning/IMG/right_2016_12_15_20_28_17_141.jpg, -0.34986, 1, 0, 30.16784
/Users/celien.nanson/Projects/Self Driving Car ND/CarND-Behavioral-cloning/IMG/center_2016_12_15_20_28_17_256.jpg, /Users/celien.nanson/Projects/Self Driving Car ND/CarND-Behavioral-cloning/IMG/left_2016_12_15_20_28_17_256.jpg, /Users/celien.nanson/Projects/Self Driving Car ND/CarND-Behavioral-cloning/IMG/right_2016_12_15_20_28_17_256.jpg, -0.425304, 1, 0, 30.17734
/Users/celien.nanson/Projects/Self Driving Car ND/CarND-Behavioral-cloning/IMG/center_2016_12_15_20_28_17_374.jpg, /Users/celien.nanson/Projects/Self Driving Car ND/CarND-Behavioral-cloning/IMG/left_2016_12_15_20_28_17_374.jpg, /Users/celien.nanson/Projects/Self Driving Car ND/CarND-Behavioral-cloning/IMG/right_2016_12_15_20_28_17_374.jpg, -0.07013083, 1, 0, 30.18866
/Users/celien.nanson/Projects/Self Driving Car ND/CarND-Behavioral-cloning/IMG/center_2016_12_15_20_28_17_485.jpg, /Users/celien.nanson/Projects/Self Driving Car ND/CarND-Behavioral-cloning/IMG/left_2016_12_15_20_28_17_485.jpg, /Users/celien.nanson/Projects/Self Driving Car ND/CarND-Behavioral-cloning/IMG/right_2016_12_15_20_28_17_485.jpg, 0, 1, 0, 30.18969
/Users/celien.nanson/Projects/Self Driving Car ND/CarND-Behavioral-cloning/IMG/center_2016_12_15_20_28_17_616.jpg, /Users/celien.nanson/Projects/Self Driving Car ND/CarND-Behavioral-cloning/IMG/left_2016_12_15_20_28_17_616.jpg, /Users/celien.nanson/Projects/Self Driving Car ND/CarND-Behavioral-cloning/IMG/right_2016_12_15_20_28_17_616.jpg, 0, 1, 0, 30.18985
/Users/celien.nanson/Projects/Self Driving Car ND/CarND-Behavioral-cloning/IMG/center_2016_12_15_20_28_17_723.jpg, /Users/celien.nanson/Projects/Self Driving Car ND/CarND-Behavioral-cloning/IMG/left_2016_12_15_20_28_17_723.jpg, /Users/celien.nanson/Projects/Self Driving Car ND/CarND-Behavioral-cloning/IMG/right_2016_12_15_20_28_17_723.jpg, 0, 1, 0, 30.19008
/Users/celien.nanson/Projects/Self Driving Car ND/CarND-Behavioral-cloning/IMG/center_2016_12_15_20_28_17_843.jpg, /Users/celien.nanson/Projects/Self Driving Car ND/CarND-Behavioral-cloning/IMG/left_2016_12_15_20_28_17_843.jpg, /Users/celien.nanson/Projects/Self Driving Car ND/CarND-Behavioral-cloning/IMG/right_2016_12_15_20_28_17_843.jpg, 0, 1, 0, 30.19013
/Users/celien.nanson/Projects/Self Driving Car ND/CarND-Behavioral-cloning/IMG/center_2016_12_15_20_28_17_962.jpg, /Users/celien.nanson/Projects/Self Driving Car ND/CarND-Behavioral-cloning/IMG/left_2016_12_15_20_28_17_962.jpg, /Users/celien.nanson/Projects/Self Driving Car ND/CarND-Behavioral-cloning/IMG/right_2016_12_15_20_28_17_962.jpg, 0, 1, 0, 30.19078
/Users/celien.nanson/Projects/Self Driving Car ND/CarND-Behavioral-cloning/IMG/center_2016_12_15_20_28_18_076.jpg, /Users/celien.nanson/Projects/Self Driving Car ND/CarND-Behavioral-cloning/IMG/left_2016_12_15_20_28_18_076.jpg, /Users/celien.nanson/Projects/Self Driving Car ND/CarND-Behavioral-cloning/IMG/right_2016_12_15_20_28_18_076.jpg, 0, 1, 0, 30.19036
/Users/celien.nanson/Projects/Self Driving Car ND/CarND-Behavioral-cloning/IMG/center_2016_12_15_20_28_18_191.jpg, /Users/celien.nanson/Projects/Self Driving Car ND/CarND-Behavioral-cloning/IMG/left_2016_12_15_20_28_18_191.jpg, /Users/celien.nanson/Projects/Self Driving Car ND/CarND-Behavioral-cloning/IMG/right_2016_12_15_20_28_18_191.jpg, 0, 1, 0, 30.19031
/Users/celien.nanson/Projects/Self Driving Car ND/CarND-Behavioral-cloning/IMG/center_2016_12_15_20_28_18_320.jpg, /Users/celien.nanson/Projects/Self Driving Car ND/CarND-Behavioral-cloning/IMG/left_2016_12_15_20_28_18_320.jpg, /Users/celien.nanson/Projects/Self Driving Car ND/CarND-Behavioral-cloning/IMG/right_2016_12_15_20_28_18_320.jpg, 0, 1, 0, 30.19027
/Users/celien.nanson/Projects/Self Driving Car ND/CarND-Behavioral-cloning/IMG/center_2016_12_15_20_28_18_446.jpg, /Users/celien.nanson/Projects/Self Driving Car ND/CarND-Behavioral-cloning/IMG/left_2016_12_15_20_28_18_446.jpg, /Users/celien.nanson/Projects/Self Driving Car ND/CarND-Behavioral-cloning/IMG/right_2016_12_15_20_28_18_446.jpg, 0, 1, 0, 30.19032
/Users/celien.nanson/Projects/Self Driving Car ND/CarND-Behavioral-cloning/IMG/center_2016_12_15_20_28_18_582.jpg, /Users/celien.nanson/Projects/Self Driving Car ND/CarND-Behavioral-cloning/IMG/left_2016_12_15_20_28_18_582.jpg, /Users/celien.nanson/Projects/Self Driving Car ND/CarND-Behavioral-cloning/IMG/right_2016_12_15_20_28_18_582.jpg, 0, 1, 0, 30.19029
/Users/celien.nanson/Projects/Self Driving Car ND/CarND-Behavioral-cloning/IMG/center_2016_12_15_20_28_18_712.jpg, /Users/celien.nanson/Projects/Self Driving Car ND/CarND-Behavioral-cloning/IMG/left_2016_12_15_20_28_18_712.jpg, /Users/celien.nanson/Projects/Self Driving Car ND/CarND-Behavioral-cloning/IMG/right_2016_12_15_20_28_18_712.jpg, 0, 1, 0, 30.1903
/Users/celien.nanson/Projects/Self Driving Car ND/CarND-Behavioral-cloning/IMG/center_2016_12_15_20_28_18_828.jpg, /Users/celien.nanson/Projects/Self Driving Car ND/CarND-Behavioral-cloning/IMG/left_2016_12_15_20_28_18_828.jpg, /Users/celien.nanson/Projects/Self Driving Car ND/CarND-Behavioral-cloning/IMG/right_2016_12_15_20_28_18_828.jpg, 0, 1, 0, 30.19158
/Users/celien.nanson/Projects/Self Driving Car ND/CarND-Behavioral-cloning/IMG/center_2016_12_15_20_28_18_945.jpg, /Users/celien.nanson/Projects/Self Driving Car ND/CarND-Behavioral-cloning/IMG/left_2016_12_15_20_28_18_945.jpg, /Users/celien.nanson/Projects/Self Driving Car ND/CarND-Behavioral-cloning/IMG/right_2016_12_15_20_28_18_945.jpg, 0, 1, 0, 30.19116
/Users/celien.nanson/Projects/Self Driving Car ND/CarND-Behavioral-cloning/IMG/center_2016_12_15_20_28_19_074.jpg, /Users/celien.nanson/Projects/Self Driving Car ND/CarND-Behavioral-cloning/IMG/left_2016_12_15_20_28_19_074.jpg, /Users/celien.nanson/Projects/Self Driving Car ND/CarND-Behavioral-cloning/IMG/right_2016_12_15_20_28_19_074.jpg, -0.385317, 1, 0, 30.16171
/Users/celien.nanson/Projects/Self Driving Car ND/CarND-Behavioral-cloning/IMG/center_2016_12_15_20_28_19_182.jpg, /Users/celien.nanson/Projects/Self Driving Car ND/CarND-Behavioral-cloning/IMG/left_2016_12_15_20_28_19_182.jpg, /Users/celien.nanson/Projects/Self Driving Car ND/CarND-Behavioral-cloning/IMG/right_2016_12_15_20_28_19_182.jpg, -0.05879993, 1, 0, 30.19124
/Users/celien.nanson/Projects/Self Driving Car ND/CarND-Behavioral-cloning/IMG/center_2016_12_15_20_28_19_306.jpg, /Users/celien.nanson/Projects/Self Driving Car ND/CarND-Behavioral-cloning/IMG/left_2016_12_15_20_28_19_306.jpg, /Users/celien.nanson/Projects/Self Driving Car ND/CarND-Behavioral-cloning/IMG/right_2016_12_15_20_28_19_306.jpg, 0, 1, 0, 30.18996
/Users/celien.nanson/Projects/Self Driving Car ND/CarND-Behavioral-cloning/IMG/center_2016_12_15_20_28_19_426.jpg, /Users/celien.nanson/Projects/Self Driving Car ND/CarND-Behavioral-cloning/IMG/left_2016_12_15_20_28_19_426.jpg, /Users/celien.nanson/Projects/Self Driving Car ND/CarND-Behavioral-cloning/IMG/right_2016_12_15_20_28_19_426.jpg, 0, 1, 0, 30.19023
/Users/celien.nanson/Projects/Self Driving Car ND/CarND-Behavioral-cloning/IMG/center_2016_12_15_20_28_19_535.jpg, /Users/celien.nanson/Projects/Self Driving Car ND/CarND-Behavioral-cloning/IMG/left_2016_12_15_20_28_19_535.jpg, /Users/celien.nanson/Projects/Self Driving Car ND/CarND-Behavioral-cloning/IMG/right_2016_12_15_20_28_19_535.jpg, 0, 1, 0, 30.19034
/Users/celien.nanson/Projects/Self Driving Car ND/CarND-Behavioral-cloning/IMG/center_2016_12_15_20_28_19_657.jpg, /Users/celien.nanson/Projects/Self Driving Car ND/CarND-Behavioral-cloning/IMG/left_2016_12_15_20_28_19_657.jpg, /Users/celien.nanson/Projects/Self Driving Car ND/CarND-Behavioral-cloning/IMG/right_2016_12_15_20_28_19_657.jpg, 0, 1, 0, 30.19021
/Users/celien.nanson/Projects/Self Driving Car ND/CarND-Behavioral-cloning/IMG/center_2016_12_15_20_28_19_766.jpg, /Users/celien.nanson/Projects/Self Driving Car ND/CarND-Behavioral-cloning/IMG/left_2016_12_15_20_28_19_766.jpg, /Users/celien.nanson/Projects/Self Driving Car ND/CarND-Behavioral-cloning/IMG/right_2016_12_15_20_28_19_766.jpg, 0, 1, 0, 30.1903
/Users/celien.nanson/Projects/Self Driving Car ND/CarND-Behavioral-cloning/IMG/center_2016_12_15_20_28_19_878.jpg, /Users/celien.nanson/Projects/Self Driving Car ND/CarND-Behavioral-cloning/IMG/left_2016_12_15_20_28_19_878.jpg, /Users/celien.nanson/Projects/Self Driving Car ND/CarND-Behavioral-cloning/IMG/right_2016_12_15_20_28_19_878.jpg, 0, 1, 0, 30.19017
/Users/celien.nanson/Projects/Self Driving Car ND/CarND-Behavioral-cloning/IMG/center_2016_12_15_20_28_20_002.jpg, /Users/celien.nanson/Projects/Self Driving Car ND/CarND-Behavioral-cloning/IMG/left_2016_12_15_20_28_20_002.jpg, /Users/celien.nanson/Projects/Self Driving Car ND/CarND-Behavioral-cloning/IMG/right_2016_12_15_20_28_20_002.jpg, 0, 1, 0, 30.19047
/Users/celien.nanson/Projects/Self Driving Car ND/CarND-Behavioral-cloning/IMG/center_2016_12_15_20_28_20_117.jpg, /Users/celien.nanson/Projects/Self Driving Car ND/CarND-Behavioral-cloning/IMG/left_2016_12_15_20_28_20_117.jpg, /Users/celien.nanson/Projects/Self Driving Car ND/CarND-Behavioral-cloning/IMG/right_2016_12_15_20_28_20_117.jpg, 0, 1, 0, 30.1904
/Users/celien.nanson/Projects/Self Driving Car ND/CarND-Behavioral-cloning/IMG/center_2016_12_15_20_28_20_228.jpg, /Users/celien.nanson/Projects/Self Driving Car ND/CarND-Behavioral-cloning/IMG/left_2016_12_15_20_28_20_228.jpg, /Users/celien.nanson/Projects/Self Driving Car ND/CarND-Behavioral-cloning/IMG/right_2016_12_15_20_28_20_228.jpg, -0.102021, 1, 0, 30.18695
/Users/celien.nanson/Projects/Self Driving Car ND/CarND-Behavioral-cloning/IMG/center_2016_12_15_20_28_20_346.jpg, /Users/celien.nanson/Projects/Self Driving Car ND/CarND-Behavioral-cloning/IMG/left_2016_12_15_20_28_20_346.jpg, /Users/celien.nanson/Projects/Self Driving Car ND/CarND-Behavioral-cloning/IMG/right_2016_12_15_20_28_20_346.jpg, -0.17787, 1, 0, 30.19024
/Users/celien.nanson/Projects/Self Driving Car ND/CarND-Behavioral-cloning/IMG/center_2016_12_15_20_28_20_452.jpg, /Users/celien.nanson/Projects/Self Driving Car ND/CarND-Behavioral-cloning/IMG/left_2016_12_15_20_28_20_452.jpg, /Users/celien.nanson/Projects/Self Driving Car ND/CarND-Behavioral-cloning/IMG/right_2016_12_15_20_28_20_452.jpg, 0, 1, 0, 30.18957
/Users/celien.nanson/Projects/Self Driving Car ND/CarND-Behavioral-cloning/IMG/center_2016_12_15_20_28_20_569.jpg, /Users/celien.nanson/Projects/Self Driving Car ND/CarND-Behavioral-cloning/IMG/left_2016_12_15_20_28_20_569.jpg, /Users/celien.nanson/Projects/Self Driving Car ND/CarND-Behavioral-cloning/IMG/right_2016_12_15_20_28_20_569.jpg, 0, 1, 0, 30.19028
/Users/celien.nanson/Projects/Self Driving Car ND/CarND-Behavioral-cloning/IMG/center_2016_12_15_20_28_20_678.jpg, /Users/celien.nanson/Projects/Self Driving Car ND/CarND-Behavioral-cloning/IMG/left_2016_12_15_20_28_20_678.jpg, /Users/celien.nanson/Projects/Self Driving Car ND/CarND-Behavioral-cloning/IMG/right_2016_12_15_20_28_20_678.jpg, 0, 1, 0, 30.1902
/Users/celien.nanson/Projects/Self Driving Car ND/CarND-Behavioral-cloning/IMG/center_2016_12_15_20_28_20_789.jpg, /Users/celien.nanson/Projects/Self Driving Car ND/CarND-Behavioral-cloning/IMG/left_2016_12_15_20_28_20_789.jpg, /Users/celien.nanson/Projects/Self Driving Car ND/CarND-Behavioral-cloning/IMG/right_2016_12_15_20_28_20_789.jpg, 0, 1, 0, 30.19015
/Users/celien.nanson/Projects/Self Driving Car ND/CarND-Behavioral-cloning/IMG/center_2016_12_15_20_28_20_903.jpg, /Users/celien.nanson/Projects/Self Driving Car ND/CarND-Behavioral-cloning/IMG/left_2016_12_15_20_28_20_903.jpg, /Users/celien.nanson/Projects/Self Driving Car ND/CarND-Behavioral-cloning/IMG/right_2016_12_15_20_28_20_903.jpg, 0, 1, 0, 30.19018
/Users/celien.nanson/Projects/Self Driving Car ND/CarND-Behavioral-cloning/IMG/center_2016_12_15_20_28_21_026.jpg, /Users/celien.nanson/Projects/Self Driving Car ND/CarND-Behavioral-cloning/IMG/left_2016_12_15_20_28_21_026.jpg, /Users/celien.nanson/Projects/Self Driving Car ND/CarND-Behavioral-cloning/IMG/right_2016_12_15_20_28_21_026.jpg, 0, 1, 0, 30.1902
/Users/celien.nanson/Projects/Self Driving Car ND/CarND-Behavioral-cloning/IMG/center_2016_12_15_20_28_21_145.jpg, /Users/celien.nanson/Projects/Self Driving Car ND/CarND-Behavioral-cloning/IMG/left_2016_12_15_20_28_21_145.jpg, /Users/celien.nanson/Projects/Self Driving Car ND/CarND-Behavioral-cloning/IMG/right_2016_12_15_20_28_21_145.jpg, 0, 1, 0, 30.19004
/Users/celien.nanson/Projects/Self Driving Car ND/CarND-Behavioral-cloning/IMG/center_2016_12_15_20_28_21_259.jpg, /Users/celien.nanson/Projects/Self Driving Car ND/CarND-Behavioral-cloning/IMG/left_2016_12_15_20_28_21_259.jpg, /Users/celien.nanson/Projects/Self Driving Car ND/CarND-Behavioral-cloning/IMG/right_2016_12_15_20_28_21_259.jpg, 0, 1, 0, 30.19043
/Users/celien.nanson/Projects/Self Driving Car ND/CarND-Behavioral-cloning/IMG/center_2016_12_15_20_28_21_367.jpg, /Users/celien.nanson/Projects/Self Driving Car ND/CarND-Behavioral-cloning/IMG/left_2016_12_15_20_28_21_367.jpg, /Users/celien.nanson/Projects/Self Driving Car ND/CarND-Behavioral-cloning/IMG/right_2016_12_15_20_28_21_367.jpg, 0, 1, 0, 30.18955
/Users/celien.nanson/Projects/Self Driving Car ND/CarND-Behavioral-cloning/IMG/center_2016_12_15_20_28_21_480.jpg, /Users/celien.nanson/Projects/Self Driving Car ND/CarND-Behavioral-cloning/IMG/left_2016_12_15_20_28_21_480.jpg, /Users/celien.nanson/Projects/Self Driving Car ND/CarND-Behavioral-cloning/IMG/right_2016_12_15_20_28_21_480.jpg, 0, 1, 0, 30.19052
/Users/celien.nanson/Projects/Self Driving Car ND/CarND-Behavioral-cloning/IMG/center_2016_12_15_20_28_21_596.jpg, /Users/celien.nanson/Projects/Self Driving Car ND/CarND-Behavioral-cloning/IMG/left_2016_12_15_20_28_21_596.jpg, /Users/celien.nanson/Projects/Self Driving Car ND/CarND-Behavioral-cloning/IMG/right_2016_12_15_20_28_21_596.jpg, 0, 1, 0, 30.19061
/Users/celien.nanson/Projects/Self Driving Car ND/CarND-Behavioral-cloning/IMG/center_2016_12_15_20_28_21_711.jpg, /Users/celien.nanson/Projects/Self Driving Car ND/CarND-Behavioral-cloning/IMG/left_2016_12_15_20_28_21_711.jpg, /Users/celien.nanson/Projects/Self Driving Car ND/CarND-Behavioral-cloning/IMG/right_2016_12_15_20_28_21_711.jpg, 0, 1, 0, 30.1906
/Users/celien.nanson/Projects/Self Driving Car ND/CarND-Behavioral-cloning/IMG/center_2016_12_15_20_28_21_826.jpg, /Users/celien.nanson/Projects/Self Driving Car ND/CarND-Behavioral-cloning/IMG/left_2016_12_15_20_28_21_826.jpg, /Users/celien.nanson/Projects/Self Driving Car ND/CarND-Behavioral-cloning/IMG/right_2016_12_15_20_28_21_826.jpg, 0, 1, 0, 30.19017
/Users/celien.nanson/Projects/Self Driving Car ND/CarND-Behavioral-cloning/IMG/center_2016_12_15_20_28_21_940.jpg, /Users/celien.nanson/Projects/Self Driving Car ND/CarND-Behavioral-cloning/IMG/left_2016_12_15_20_28_21_940.jpg, /Users/celien.nanson/Projects/Self Driving Car ND/CarND-Behavioral-cloning/IMG/right_2016_12_15_20_28_21_940.jpg, 0, 1, 0, 30.19063
/Users/celien.nanson/Projects/Self Driving Car ND/CarND-Behavioral-cloning/IMG/center_2016_12_15_20_28_22_056.jpg, /Users/celien.nanson/Projects/Self Driving Car ND/CarND-Behavioral-cloning/IMG/left_2016_12_15_20_28_22_056.jpg, /Users/celien.nanson/Projects/Self Driving Car ND/CarND-Behavioral-cloning/IMG/right_2016_12_15_20_28_22_056.jpg, -0.1310159, 1, 0, 30.18434
/Users/celien.nanson/Projects/Self Driving Car ND/CarND-Behavioral-cloning/IMG/center_2016_12_15_20_28_22_174.jpg, /Users/celien.nanson/Projects/Self Driving Car ND/CarND-Behavioral-cloning/IMG/left_2016_12_15_20_28_22_174.jpg, /Users/celien.nanson/Projects/Self Driving Car ND/CarND-Behavioral-cloning/IMG/right_2016_12_15_20_28_22_174.jpg, -0.194301, 1, 0, 30.19016
/Users/celien.nanson/Projects/Self Driving Car ND/CarND-Behavioral-cloning/IMG/center_2016_12_15_20_28_22_279.jpg, /Users/celien.nanson/Projects/Self Driving Car ND/CarND-Behavioral-cloning/IMG/left_2016_12_15_20_28_22_279.jpg, /Users/celien.nanson/Projects/Self Driving Car ND/CarND-Behavioral-cloning/IMG/right_2016_12_15_20_28_22_279.jpg, 0, 1, 0, 30.18968
/Users/celien.nanson/Projects/Self Driving Car ND/CarND-Behavioral-cloning/IMG/center_2016_12_15_20_28_22_392.jpg, /Users/celien.nanson/Projects/Self Driving Car ND/CarND-Behavioral-cloning/IMG/left_2016_12_15_20_28_22_392.jpg, /Users/celien.nanson/Projects/Self Driving Car ND/CarND-Behavioral-cloning/IMG/right_2016_12_15_20_28_22_392.jpg, 0, 1, 0, 30.19022
/Users/celien.nanson/Projects/Self Driving Car ND/CarND-Behavioral-cloning/IMG/center_2016_12_15_20_28_22_519.jpg, /Users/celien.nanson/Projects/Self Driving Car ND/CarND-Behavioral-cloning/IMG/left_2016_12_15_20_28_22_519.jpg, /Users/celien.nanson/Projects/Self Driving Car ND/CarND-Behavioral-cloning/IMG/right_2016_12_15_20_28_22_519.jpg, 0, 1, 0, 30.1903
/Users/celien.nanson/Projects/Self Driving Car ND/CarND-Behavioral-cloning/IMG/center_2016_12_15_20_28_22_621.jpg, /Users/celien.nanson/Projects/Self Driving Car ND/CarND-Behavioral-cloning/IMG/left_2016_12_15_20_28_22_621.jpg, /Users/celien.nanson/Projects/Self Driving Car ND/CarND-Behavioral-cloning/IMG/right_2016_12_15_20_28_22_621.jpg, 0, 1, 0, 30.18974
/Users/celien.nanson/Projects/Self Driving Car ND/CarND-Behavioral-cloning/IMG/center_2016_12_15_20_28_22_746.jpg, /Users/celien.nanson/Projects/Self Driving Car ND/CarND-Behavioral-cloning/IMG/left_2016_12_15_20_28_22_746.jpg, /Users/celien.nanson/Projects/Self Driving Car ND/CarND-Behavioral-cloning/IMG/right_2016_12_15_20_28_22_746.jpg, 0, 1, 0, 30.1903
/Users/celien.nanson/Projects/Self Driving Car ND/CarND-Behavioral-cloning/IMG/center_2016_12_15_20_28_22_860.jpg, /Users/celien.nanson/Projects/Self Driving Car ND/CarND-Behavioral-cloning/IMG/left_2016_12_15_20_28_22_860.jpg, /Users/celien.nanson/Projects/Self Driving Car ND/CarND-Behavioral-cloning/IMG/right_2016_12_15_20_28_22_860.jpg, 0, 1, 0, 30.1903
/Users/celien.nanson/Projects/Self Driving Car ND/CarND-Behavioral-cloning/IMG/center_2016_12_15_20_28_22_974.jpg, /Users/celien.nanson/Projects/Self Driving Car ND/CarND-Behavioral-cloning/IMG/left_2016_12_15_20_28_22_974.jpg, /Users/celien.nanson/Projects/Self Driving Car ND/CarND-Behavioral-cloning/IMG/right_2016_12_15_20_28_22_974.jpg, 0, 1, 0, 30.19029
/Users/celien.nanson/Projects/Self Driving Car ND/CarND-Behavioral-cloning/IMG/center_2016_12_15_20_28_23_088.jpg, /Users/celien.nanson/Projects/Self Driving Car ND/CarND-Behavioral-cloning/IMG/left_2016_12_15_20_28_23_088.jpg, /Users/celien.nanson/Projects/Self Driving Car ND/CarND-Behavioral-cloning/IMG/right_2016_12_15_20_28_23_088.jpg, 0, 1, 0, 30.19031
/Users/celien.nanson/Projects/Self Driving Car ND/CarND-Behavioral-cloning/IMG/center_2016_12_15_20_28_23_207.jpg, /Users/celien.nanson/Projects/Self Driving Car ND/CarND-Behavioral-cloning/IMG/left_2016_12_15_20_28_23_207.jpg, /Users/celien.nanson/Projects/Self Driving Car ND/CarND-Behavioral-cloning/IMG/right_2016_12_15_20_28_23_207.jpg, 0, 1, 0, 30.19029
/Users/celien.nanson/Projects/Self Driving Car ND/CarND-Behavioral-cloning/IMG/center_2016_12_15_20_28_23_323.jpg, /Users/celien.nanson/Projects/Self Driving Car ND/CarND-Behavioral-cloning/IMG/left_2016_12_15_20_28_23_323.jpg, /Users/celien.nanson/Projects/Self Driving Car ND/CarND-Behavioral-cloning/IMG/right_2016_12_15_20_28_23_323.jpg, 0, 1, 0, 30.19032
/Users/celien.nanson/Projects/Self Driving Car ND/CarND-Behavioral-cloning/IMG/center_2016_12_15_20_28_23_442.jpg, /Users/celien.nanson/Projects/Self Driving Car ND/CarND-Behavioral-cloning/IMG/left_2016_12_15_20_28_23_442.jpg, /Users/celien.nanson/Projects/Self Driving Car ND/CarND-Behavioral-cloning/IMG/right_2016_12_15_20_28_23_442.jpg, 0, 1, 0, 30.1903
/Users/celien.nanson/Projects/Self Driving Car ND/CarND-Behavioral-cloning/IMG/center_2016_12_15_20_28_23_560.jpg, /Users/celien.nanson/Projects/Self Driving Car ND/CarND-Behavioral-cloning/IMG/left_2016_12_15_20_28_23_560.jpg, /Users/celien.nanson/Projects/Self Driving Car ND/CarND-Behavioral-cloning/IMG/right_2016_12_15_20_28_23_560.jpg, 0, 1, 0, 30.19028
/Users/celien.nanson/Projects/Self Driving Car ND/CarND-Behavioral-cloning/IMG/center_2016_12_15_20_28_23_681.jpg, /Users/celien.nanson/Projects/Self Driving Car ND/CarND-Behavioral-cloning/IMG/left_2016_12_15_20_28_23_681.jpg, /Users/celien.nanson/Projects/Self Driving Car ND/CarND-Behavioral-cloning/IMG/right_2016_12_15_20_28_23_681.jpg, 0, 1, 0, 30.19028
/Users/celien.nanson/Projects/Self Driving Car ND/CarND-Behavioral-cloning/IMG/center_2016_12_15_20_28_23_802.jpg, /Users/celien.nanson/Projects/Self Driving Car ND/CarND-Behavioral-cloning/IMG/left_2016_12_15_20_28_23_802.jpg, /Users/celien.nanson/Projects/Self Driving Car ND/CarND-Behavioral-cloning/IMG/right_2016_12_15_20_28_23_802.jpg, -0.139707, 1, 0, 30.18575
/Users/celien.nanson/Projects/Self Driving Car ND/CarND-Behavioral-cloning/IMG/center_2016_12_15_20_28_23_924.jpg, /Users/celien.nanson/Projects/Self Driving Car ND/CarND-Behavioral-cloning/IMG/left_2016_12_15_20_28_23_924.jpg, /Users/celien.nanson/Projects/Self Driving Car ND/CarND-Behavioral-cloning/IMG/right_2016_12_15_20_28_23_924.jpg, -0.2462279, 1, 0, 30.18816
/Users/celien.nanson/Projects/Self Driving Car ND/CarND-Behavioral-cloning/IMG/center_2016_12_15_20_28_24_034.jpg, /Users/celien.nanson/Projects/Self Driving Car ND/CarND-Behavioral-cloning/IMG/left_2016_12_15_20_28_24_034.jpg, /Users/celien.nanson/Projects/Self Driving Car ND/CarND-Behavioral-cloning/IMG/right_2016_12_15_20_28_24_034.jpg, 0, 1, 0, 30.18836
/Users/celien.nanson/Projects/Self Driving Car ND/CarND-Behavioral-cloning/IMG/center_2016_12_15_20_28_24_158.jpg, /Users/celien.nanson/Projects/Self Driving Car ND/CarND-Behavioral-cloning/IMG/left_2016_12_15_20_28_24_158.jpg, /Users/celien.nanson/Projects/Self Driving Car ND/CarND-Behavioral-cloning/IMG/right_2016_12_15_20_28_24_158.jpg, 0, 1, 0, 30.19017
/Users/celien.nanson/Projects/Self Driving Car ND/CarND-Behavioral-cloning/IMG/center_2016_12_15_20_28_24_273.jpg, /Users/celien.nanson/Projects/Self Driving Car ND/CarND-Behavioral-cloning/IMG/left_2016_12_15_20_28_24_273.jpg, /Users/celien.nanson/Projects/Self Driving Car ND/CarND-Behavioral-cloning/IMG/right_2016_12_15_20_28_24_273.jpg, 0, 1, 0, 30.19028
/Users/celien.nanson/Projects/Self Driving Car ND/CarND-Behavioral-cloning/IMG/center_2016_12_15_20_28_24_385.jpg, /Users/celien.nanson/Projects/Self Driving Car ND/CarND-Behavioral-cloning/IMG/left_2016_12_15_20_28_24_385.jpg, /Users/celien.nanson/Projects/Self Driving Car ND/CarND-Behavioral-cloning/IMG/right_2016_12_15_20_28_24_385.jpg, 0, 1, 0, 30.19001
/Users/celien.nanson/Projects/Self Driving Car ND/CarND-Behavioral-cloning/IMG/center_2016_12_15_20_28_24_502.jpg, /Users/celien.nanson/Projects/Self Driving Car ND/CarND-Behavioral-cloning/IMG/left_2016_12_15_20_28_24_502.jpg, /Users/celien.nanson/Projects/Self Driving Car ND/CarND-Behavioral-cloning/IMG/right_2016_12_15_20_28_24_502.jpg, 0, 1, 0, 30.19013
/Users/celien.nanson/Projects/Self Driving Car ND/CarND-Behavioral-cloning/IMG/center_2016_12_15_20_28_24_624.jpg, /Users/celien.nanson/Projects/Self Driving Car ND/CarND-Behavioral-cloning/IMG/left_2016_12_15_20_28_24_624.jpg, /Users/celien.nanson/Projects/Self Driving Car ND/CarND-Behavioral-cloning/IMG/right_2016_12_15_20_28_24_624.jpg, 0, 1, 0, 30.19005
/Users/celien.nanson/Projects/Self Driving Car ND/CarND-Behavioral-cloning/IMG/center_2016_12_15_20_28_24_739.jpg, /Users/celien.nanson/Projects/Self Driving Car ND/CarND-Behavioral-cloning/IMG/left_2016_12_15_20_28_24_739.jpg, /Users/celien.nanson/Projects/Self Driving Car ND/CarND-Behavioral-cloning/IMG/right_2016_12_15_20_28_24_739.jpg, 0, 1, 0, 30.19007
/Users/celien.nanson/Projects/Self Driving Car ND/CarND-Behavioral-cloning/IMG/center_2016_12_15_20_28_24_858.jpg, /Users/celien.nanson/Projects/Self Driving Car ND/CarND-Behavioral-cloning/IMG/left_2016_12_15_20_28_24_858.jpg, /Users/celien.nanson/Projects/Self Driving Car ND/CarND-Behavioral-cloning/IMG/right_2016_12_15_20_28_24_858.jpg, 0, 1, 0, 30.19012
/Users/celien.nanson/Projects/Self Driving Car ND/CarND-Behavioral-cloning/IMG/center_2016_12_15_20_28_24_977.jpg, /Users/celien.nanson/Projects/Self Driving Car ND/CarND-Behavioral-cloning/IMG/left_2016_12_15_20_28_24_977.jpg, /Users/celien.nanson/Projects/Self Driving Car ND/CarND-Behavioral-cloning/IMG/right_2016_12_15_20_28_24_977.jpg, 0, 1, 0, 30.19011
/Users/celien.nanson/Projects/Self Driving Car ND/CarND-Behavioral-cloning/IMG/center_2016_12_15_20_28_25_096.jpg, /Users/celien.nanson/Projects/Self Driving Car ND/CarND-Behavioral-cloning/IMG/left_2016_12_15_20_28_25_096.jpg, /Users/celien.nanson/Projects/Self Driving Car ND/CarND-Behavioral-cloning/IMG/right_2016_12_15_20_28_25_096.jpg, 0, 1, 0, 30.1903
/Users/celien.nanson/Projects/Self Driving Car ND/CarND-Behavioral-cloning/IMG/center_2016_12_15_20_28_25_218.jpg, /Users/celien.nanson/Projects/Self Driving Car ND/CarND-Behavioral-cloning/IMG/left_2016_12_15_20_28_25_218.jpg, /Users/celien.nanson/Projects/Self Driving Car ND/CarND-Behavioral-cloning/IMG/right_2016_12_15_20_28_25_218.jpg, 0, 1, 0, 30.19023
/Users/celien.nanson/Projects/Self Driving Car ND/CarND-Behavioral-cloning/IMG/center_2016_12_15_20_28_25_358.jpg, /Users/celien.nanson/Projects/Self Driving Car ND/CarND-Behavioral-cloning/IMG/left_2016_12_15_20_28_25_358.jpg, /Users/celien.nanson/Projects/Self Driving Car ND/CarND-Behavioral-cloning/IMG/right_2016_12_15_20_28_25_358.jpg, 0, 1, 0, 30.19038
/Users/celien.nanson/Projects/Self Driving Car ND/CarND-Behavioral-cloning/IMG/center_2016_12_15_20_28_25_469.jpg, /Users/celien.nanson/Projects/Self Driving Car ND/CarND-Behavioral-cloning/IMG/left_2016_12_15_20_28_25_469.jpg, /Users/celien.nanson/Projects/Self Driving Car ND/CarND-Behavioral-cloning/IMG/right_2016_12_15_20_28_25_469.jpg, 0, 1, 0, 30.19029
/Users/celien.nanson/Projects/Self Driving Car ND/CarND-Behavioral-cloning/IMG/center_2016_12_15_20_28_25_581.jpg, /Users/celien.nanson/Projects/Self Driving Car ND/CarND-Behavioral-cloning/IMG/left_2016_12_15_20_28_25_581.jpg, /Users/celien.nanson/Projects/Self Driving Car ND/CarND-Behavioral-cloning/IMG/right_2016_12_15_20_28_25_581.jpg, 0, 1, 0, 30.1903
/Users/celien.nanson/Projects/Self Driving Car ND/CarND-Behavioral-cloning/IMG/center_2016_12_15_20_28_25_711.jpg, /Users/celien.nanson/Projects/Self Driving Car ND/CarND-Behavioral-cloning/IMG/left_2016_12_15_20_28_25_711.jpg, /Users/celien.nanson/Projects/Self Driving Car ND/CarND-Behavioral-cloning/IMG/right_2016_12_15_20_28_25_711.jpg, 0, 1, 0, 30.19032
/Users/celien.nanson/Projects/Self Driving Car ND/CarND-Behavioral-cloning/IMG/center_2016_12_15_20_28_25_818.jpg, /Users/celien.nanson/Projects/Self Driving Car ND/CarND-Behavioral-cloning/IMG/left_2016_12_15_20_28_25_818.jpg, /Users/celien.nanson/Projects/Self Driving Car ND/CarND-Behavioral-cloning/IMG/right_2016_12_15_20_28_25_818.jpg, 0, 1, 0, 30.19031
/Users/celien.nanson/Projects/Self Driving Car ND/CarND-Behavioral-cloning/IMG/center_2016_12_15_20_28_25_919.jpg, /Users/celien.nanson/Projects/Self Driving Car ND/CarND-Behavioral-cloning/IMG/left_2016_12_15_20_28_25_919.jpg, /Users/celien.nanson/Projects/Self Driving Car ND/CarND-Behavioral-cloning/IMG/right_2016_12_15_20_28_25_919.jpg, 0, 1, 0, 30.1903
/Users/celien.nanson/Projects/Self Driving Car ND/CarND-Behavioral-cloning/IMG/center_2016_12_15_20_28_26_048.jpg, /Users/celien.nanson/Projects/Self Driving Car ND/CarND-Behavioral-cloning/IMG/left_2016_12_15_20_28_26_048.jpg, /Users/celien.nanson/Projects/Self Driving Car ND/CarND-Behavioral-cloning/IMG/right_2016_12_15_20_28_26_048.jpg, 0, 1, 0, 30.19031
/Users/celien.nanson/Projects/Self Driving Car ND/CarND-Behavioral-cloning/IMG/center_2016_12_15_20_28_26_179.jpg, /Users/celien.nanson/Projects/Self Driving Car ND/CarND-Behavioral-cloning/IMG/left_2016_12_15_20_28_26_179.jpg, /Users/celien.nanson/Projects/Self Driving Car ND/CarND-Behavioral-cloning/IMG/right_2016_12_15_20_28_26_179.jpg, 0, 1, 0, 30.19032
/Users/celien.nanson/Projects/Self Driving Car ND/CarND-Behavioral-cloning/IMG/center_2016_12_15_20_28_26_311.jpg, /Users/celien.nanson/Projects/Self Driving Car ND/CarND-Behavioral-cloning/IMG/left_2016_12_15_20_28_26_311.jpg, /Users/celien.nanson/Projects/Self Driving Car ND/CarND-Behavioral-cloning/IMG/right_2016_12_15_20_28_26_311.jpg, 0, 1, 0, 30.1903
/Users/celien.nanson/Projects/Self Driving Car ND/CarND-Behavioral-cloning/IMG/center_2016_12_15_20_28_26_435.jpg, /Users/celien.nanson/Projects/Self Driving Car ND/CarND-Behavioral-cloning/IMG/left_2016_12_15_20_28_26_435.jpg, /Users/celien.nanson/Projects/Self Driving Car ND/CarND-Behavioral-cloning/IMG/right_2016_12_15_20_28_26_435.jpg, 0, 1, 0, 30.19061
/Users/celien.nanson/Projects/Self Driving Car ND/CarND-Behavioral-cloning/IMG/center_2016_12_15_20_28_26_541.jpg, /Users/celien.nanson/Projects/Self Driving Car ND/CarND-Behavioral-cloning/IMG/left_2016_12_15_20_28_26_541.jpg, /Users/celien.nanson/Projects/Self Driving Car ND/CarND-Behavioral-cloning/IMG/right_2016_12_15_20_28_26_541.jpg, 0, 1, 0, 30.19043
/Users/celien.nanson/Projects/Self Driving Car ND/CarND-Behavioral-cloning/IMG/center_2016_12_15_20_28_26_663.jpg, /Users/celien.nanson/Projects/Self Driving Car ND/CarND-Behavioral-cloning/IMG/left_2016_12_15_20_28_26_663.jpg, /Users/celien.nanson/Projects/Self Driving Car ND/CarND-Behavioral-cloning/IMG/right_2016_12_15_20_28_26_663.jpg, 0, 1, 0, 30.19066
/Users/celien.nanson/Projects/Self Driving Car ND/CarND-Behavioral-cloning/IMG/center_2016_12_15_20_28_26_790.jpg, /Users/celien.nanson/Projects/Self Driving Car ND/CarND-Behavioral-cloning/IMG/left_2016_12_15_20_28_26_790.jpg, /Users/celien.nanson/Projects/Self Driving Car ND/CarND-Behavioral-cloning/IMG/right_2016_12_15_20_28_26_790.jpg, 0, 1, 0, 30.19049
/Users/celien.nanson/Projects/Self Driving Car ND/CarND-Behavioral-cloning/IMG/center_2016_12_15_20_28_26_903.jpg, /Users/celien.nanson/Projects/Self Driving Car ND/CarND-Behavioral-cloning/IMG/left_2016_12_15_20_28_26_903.jpg, /Users/celien.nanson/Projects/Self Driving Car ND/CarND-Behavioral-cloning/IMG/right_2016_12_15_20_28_26_903.jpg, 0, 1, 0, 30.19039
/Users/celien.nanson/Projects/Self Driving Car ND/CarND-Behavioral-cloning/IMG/center_2016_12_15_20_28_27_024.jpg, /Users/celien.nanson/Projects/Self Driving Car ND/CarND-Behavioral-cloning/IMG/left_2016_12_15_20_28_27_024.jpg, /Users/celien.nanson/Projects/Self Driving Car ND/CarND-Behavioral-cloning/IMG/right_2016_12_15_20_28_27_024.jpg, 0, 1, 0, 30.19035
/Users/celien.nanson/Projects/Self Driving Car ND/CarND-Behavioral-cloning/IMG/center_2016_12_15_20_28_27_146.jpg, /Users/celien.nanson/Projects/Self Driving Car ND/CarND-Behavioral-cloning/IMG/left_2016_12_15_20_28_27_146.jpg, /Users/celien.nanson/Projects/Self Driving Car ND/CarND-Behavioral-cloning/IMG/right_2016_12_15_20_28_27_146.jpg, 0, 1, 0, 30.19074
/Users/celien.nanson/Projects/Self Driving Car ND/CarND-Behavioral-cloning/IMG/center_2016_12_15_20_28_27_265.jpg, /Users/celien.nanson/Projects/Self Driving Car ND/CarND-Behavioral-cloning/IMG/left_2016_12_15_20_28_27_265.jpg, /Users/celien.nanson/Projects/Self Driving Car ND/CarND-Behavioral-cloning/IMG/right_2016_12_15_20_28_27_265.jpg, -0.119415, 1, 0, 30.18534
/Users/celien.nanson/Projects/Self Driving Car ND/CarND-Behavioral-cloning/IMG/center_2016_12_15_20_28_27_390.jpg, /Users/celien.nanson/Projects/Self Driving Car ND/CarND-Behavioral-cloning/IMG/left_2016_12_15_20_28_27_390.jpg, /Users/celien.nanson/Projects/Self Driving Car ND/CarND-Behavioral-cloning/IMG/right_2016_12_15_20_28_27_390.jpg, 0, 1, 0, 30.1903
/Users/celien.nanson/Projects/Self Driving Car ND/CarND-Behavioral-cloning/IMG/center_2016_12_15_20_28_27_514.jpg, /Users/celien.nanson/Projects/Self Driving Car ND/CarND-Behavioral-cloning/IMG/left_2016_12_15_20_28_27_514.jpg, /Users/celien.nanson/Projects/Self Driving Car ND/CarND-Behavioral-cloning/IMG/right_2016_12_15_20_28_27_514.jpg, 0, 1, 0, 30.19028
/Users/celien.nanson/Projects/Self Driving Car ND/CarND-Behavioral-cloning/IMG/center_2016_12_15_20_28_27_633.jpg, /Users/celien.nanson/Projects/Self Driving Car ND/CarND-Behavioral-cloning/IMG/left_2016_12_15_20_28_27_633.jpg, /Users/celien.nanson/Projects/Self Driving Car ND/CarND-Behavioral-cloning/IMG/right_2016_12_15_20_28_27_633.jpg, 0, 1, 0, 30.19031
/Users/celien.nanson/Projects/Self Driving Car ND/CarND-Behavioral-cloning/IMG/center_2016_12_15_20_28_27_757.jpg, /Users/celien.nanson/Projects/Self Driving Car ND/CarND-Behavioral-cloning/IMG/left_2016_12_15_20_28_27_757.jpg, /Users/celien.nanson/Projects/Self Driving Car ND/CarND-Behavioral-cloning/IMG/right_2016_12_15_20_28_27_757.jpg, 0, 1, 0, 30.19032
/Users/celien.nanson/Projects/Self Driving Car ND/CarND-Behavioral-cloning/IMG/center_2016_12_15_20_28_27_881.jpg, /Users/celien.nanson/Projects/Self Driving Car ND/CarND-Behavioral-cloning/IMG/left_2016_12_15_20_28_27_881.jpg, /Users/celien.nanson/Projects/Self Driving Car ND/CarND-Behavioral-cloning/IMG/right_2016_12_15_20_28_27_881.jpg, 0, 0.8616581, 0, 30.15887
/Users/celien.nanson/Projects/Self Driving Car ND/CarND-Behavioral-cloning/IMG/center_2016_12_15_20_28_28_004.jpg, /Users/celien.nanson/Projects/Self Driving Car ND/CarND-Behavioral-cloning/IMG/left_2016_12_15_20_28_28_004.jpg, /Users/celien.nanson/Projects/Self Driving Car ND/CarND-Behavioral-cloning/IMG/right_2016_12_15_20_28_28_004.jpg, 0, 0.4936091, 0, 30.0499
/Users/celien.nanson/Projects/Self Driving Car ND/CarND-Behavioral-cloning/IMG/center_2016_12_15_20_28_28_139.jpg, /Users/celien.nanson/Projects/Self Driving Car ND/CarND-Behavioral-cloning/IMG/left_2016_12_15_20_28_28_139.jpg, /Users/celien.nanson/Projects/Self Driving Car ND/CarND-Behavioral-cloning/IMG/right_2016_12_15_20_28_28_139.jpg, 0, 0.08815908, 0, 29.93942
/Users/celien.nanson/Projects/Self Driving Car ND/CarND-Behavioral-cloning/IMG/center_2016_12_15_20_28_28_259.jpg, /Users/celien.nanson/Projects/Self Driving Car ND/CarND-Behavioral-cloning/IMG/left_2016_12_15_20_28_28_259.jpg, /Users/celien.nanson/Projects/Self Driving Car ND/CarND-Behavioral-cloning/IMG/right_2016_12_15_20_28_28_259.jpg, 0, 0, 0, 29.5995
/Users/celien.nanson/Projects/Self Driving Car ND/CarND-Behavioral-cloning/IMG/center_2016_12_15_20_28_28_383.jpg, /Users/celien.nanson/Projects/Self Driving Car ND/CarND-Behavioral-cloning/IMG/left_2016_12_15_20_28_28_383.jpg, /Users/celien.nanson/Projects/Self Driving Car ND/CarND-Behavioral-cloning/IMG/right_2016_12_15_20_28_28_383.jpg, 0, 0, 0, 29.18433
/Users/celien.nanson/Projects/Self Driving Car ND/CarND-Behavioral-cloning/IMG/center_2016_12_15_20_28_28_512.jpg, /Users/celien.nanson/Projects/Self Driving Car ND/CarND-Behavioral-cloning/IMG/left_2016_12_15_20_28_28_512.jpg, /Users/celien.nanson/Projects/Self Driving Car ND/CarND-Behavioral-cloning/IMG/right_2016_12_15_20_28_28_512.jpg, 0, 0, 0, 28.83303
/Users/celien.nanson/Projects/Self Driving Car ND/CarND-Behavioral-cloning/IMG/center_2016_12_15_20_28_28_653.jpg, /Users/celien.nanson/Projects/Self Driving Car ND/CarND-Behavioral-cloning/IMG/left_2016_12_15_20_28_28_653.jpg, /Users/celien.nanson/Projects/Self Driving Car ND/CarND-Behavioral-cloning/IMG/right_2016_12_15_20_28_28_653.jpg, 0, 0, 0, 28.42851
/Users/celien.nanson/Projects/Self Driving Car ND/CarND-Behavioral-cloning/IMG/center_2016_12_15_20_28_28_763.jpg, /Users/celien.nanson/Projects/Self Driving Car ND/CarND-Behavioral-cloning/IMG/left_2016_12_15_20_28_28_763.jpg, /Users/celien.nanson/Projects/Self Driving Car ND/CarND-Behavioral-cloning/IMG/right_2016_12_15_20_28_28_763.jpg, 0, 0, 0, 28.08631
/Users/celien.nanson/Projects/Self Driving Car ND/CarND-Behavioral-cloning/IMG/center_2016_12_15_20_28_28_893.jpg, /Users/celien.nanson/Projects/Self Driving Car ND/CarND-Behavioral-cloning/IMG/left_2016_12_15_20_28_28_893.jpg, /Users/celien.nanson/Projects/Self Driving Car ND/CarND-Behavioral-cloning/IMG/right_2016_12_15_20_28_28_893.jpg, 0, 0, 0, 27.74823
